,Order,Family,Latin name,Contig_N50 (bp),Contig_L50 (bp),Contig_Num,Scaffold_N50 (bp),Scaffold_L50 (bp),Scaffold_Num (bp),Total_Len (bp),Gap_Len (bp),Gap_Ratio (%),"Complete BUSCOs (C, %)","Complete and single-copy BUSCOs (S, %)","Complete and duplicated BUSCOs (D, %)","Fragmented BUSCOs (F, %)","Missing BUSCOs (M, %)",CG content(%),Depth,Number of total gene,Mean gene length (bp),Mean CDS length (bp),Mean exon number,Mean exon length (bp),Mean intron number,Mean intron length (bp),Number of single exon gene
APP-001,Charadriiformes,Charadriidae,Charadrius vociferus,"32,204 ","10,949 ","130,696 ","3,624,371 ",99 ,"55,490 ","1,225,311,256 ","34,324,620 ",2.8,94,93.2,0.8,3.8,2.2,41.92 ,100,"15,273 ","19,323 ","1,377 ",8,168,7,"2,499 ","1,446 "
APP-002,Passeriformes,Acanthisittidae,Acanthisitta chloris,"18,010 ","16,980 ","175,276 ","63,947 ","4,551 ","84,187 ","1,044,655,775 ","7,537,786 ",0.72,86.5,85.9,0.6,9.3,4.2,41.70 ,29,"14,365 ","12,438 ","1,212 ",7,166,6,"1,781 ","1,187 "
APP-004,Trogoniformes,Trogonidae,Apaloderma vittatum,"19,295 ","16,620 ","243,436 ","55,759 ","5,570 ","150,105 ","1,085,711,737 ","6,370,038 ",0.59,84.8,84.1,0.7,10.6,4.6,41.53 ,28,"13,409 ","12,460 ","1,216 ",7,167,6,"1,798 ","1,198 "
APP-005,Sphenisciformes,Spheniscidae,Aptenodytes forsteri,"30,459 ","11,608 ","108,691 ","5,071,598 ",71 ,"29,970 ","1,257,483,768 ","71,904,712 ",5.72,94,93.2,0.8,3.6,2.4,41.65 ,60,"15,378 ","20,045 ","1,393 ",8,169,7,"2,580 ","1,381 "
APP-006,Gruiformes,Gruidae,Balearica regulorum,"18,319 ","18,748 ","218,255 ","51,598 ","6,287 ","125,371 ","1,138,861,064 ","5,468,987 ",0.48,87.9,87.2,0.7,8.4,3.7,41.33 ,33,"14,093 ","12,756 ","1,230 ",7,169,6,"1,840 ","1,284 "
APP-007,Bucerotiformes,Bucerotidae,Buceros rhinoceros,"13,946 ","22,804 ","515,604 ","50,938 ","6,141 ","376,322 ","1,105,159,377 ","20,474,472 ",1.85,85.9,85.4,0.5,9.2,4.9,43.00 ,35,"13,487 ","12,767 ","1,238 ",7,166,6,"1,794 ","1,126 "
APP-008,Caprimulgiformes,Trochilidae,Calypte anna,"23,363 ","13,362 ","201,701 ","4,044,606 ",82 ,"122,611 ","1,114,626,264 ","38,786,660 ",3.48,93.1,92.1,1,4,2.9,41.08 ,110,"15,294 ","17,634 ","1,372 ",8,168,7,"2,274 ","1,363 "
APP-009,Caprimulgiformes,Caprimulgidae,Antrostomus carolinensis,"17,629 ","19,014 ","354,558 ","45,139 ","7,037 ","268,090 ","1,145,149,681 ","5,834,346 ",0.51,83.1,82.6,0.5,11.5,5.4,40.89 ,30,"14,065 ","11,622 ","1,175 ",6,170,5,"1,773 ","1,426 "
APP-010,Cariamiformes,Cariamidae,Cariama cristata,"17,075 ","20,135 ","245,620 ","54,372 ","6,077 ","139,845 ","1,145,705,463 ","5,934,258 ",0.52,85.2,84.7,0.5,10.4,4.4,41.33 ,24,"14,009 ","12,663 ","1,223 ",7,169,6,"1,837 ","1,207 "
APP-011,Accipitriformes,Cathartidae,Cathartes aura,"12,027 ","26,888 ","439,449 ","35,361 ","9,142 ","265,607 ","1,179,513,848 ","14,208,906 ",1.2,69.1,68.7,0.4,17.5,13.4,41.25 ,25,"13,342 ","10,281 ","1,102 ",6,172,5,"1,706 ","1,329 "
APP-012,Caprimulgiformes,Apodidae,Chaetura pelagica,"27,656 ","11,599 ","133,152 ","3,839,435 ",79 ,"60,234 ","1,125,117,173 ","45,230,535 ",4.02,93.8,93.1,0.7,3.8,2.4,41.44 ,103,"14,828 ","18,613 ","1,379 ",8,168,7,"2,391 ","1,316 "
APP-013,Otidiformes,Otididae,Chlamydotis macqueenii,"17,746 ","18,499 ","180,480 ","44,857 ","6,980 ","84,700 ","1,095,295,809 ","6,609,386 ",0.6,85.2,84.6,0.6,10.6,4.2,41.19 ,27,"13,555 ","11,994 ","1,209 ",7,170,6,"1,769 ","1,209 "
APP-014,Coliiformes,Coliidae,Colius striatus,"18,306 ","17,445 ","197,008 ","45,637 ","6,620 ","105,817 ","1,086,303,309 ","7,151,494 ",0.66,80.3,79.9,0.4,12.2,7.5,41.03 ,27,"13,494 ","11,582 ","1,164 ",6,168,5,"1,759 ","1,155 "
APP-015,Columbiformes,Columbidae,Columba livia,"22,400 ","14,475 ","143,123 ","3,148,738 ",82 ,"38,878 ","1,111,581,692 ","20,781,163 ",1.87,92.8,92,0.8,4.6,2.6,41.51 ,63,"15,666 ","17,814 ","1,368 ",8,168,7,"2,305 ","1,476 "
APP-016,Passeriformes,Corvidae,Corvus brachyrhynchos,"24,481 ","12,599 ","124,962 ","6,953,989 ",49 ,"33,301 ","1,095,175,346 ","40,345,514 ",3.68,93.3,92.4,0.9,4.1,2.6,41.87 ,80,"15,502 ","16,967 ","1,326 ",7,166,6,"2,242 ","1,377 "
APP-017,Cuculiformes,Cuculidae,Cuculus canorus,"31,110 ","10,902 ","123,100 ","2,989,664 ",120 ,"55,203 ","1,159,208,195 ","27,717,946 ",2.39,94.4,93.5,0.9,3.6,2,41.55 ,100,"15,573 ","18,675 ","1,370 ",8,168,7,"2,422 ","1,448 "
APP-018,Pelecaniformes,Ardeidae,Egretta garzetta,"23,879 ","14,379 ","149,025 ","3,051,370 ",114 ,"44,452 ","1,211,513,874 ","49,316,013 ",4.07,93.4,92.8,0.6,4.2,2.4,42.30 ,74,"14,924 ","19,548 ","1,374 ",8,167,7,"2,527 ","1,407 "
APP-019,Eurypygiformes,Eurypygidae,Eurypyga helias,"16,634 ","19,468 ","213,112 ","46,704 ","6,492 ","116,912 ","1,098,400,457 ","6,988,775 ",0.64,81.2,80.8,0.4,12.9,5.9,42.45 ,33,"13,318 ","11,848 ","1,191 ",6,170,5,"1,779 ","1,216 "
APP-020,Falconiformes,Falconidae,Falco peregrinus,"28,599 ","12,203 ","98,540 ","3,891,469 ",91 ,"21,224 ","1,174,046,505 ","18,605,685 ",1.58,94,93.2,0.8,4,2,41.78 ,105,"15,816 ","18,679 ","1,381 ",8,169,7,"2,416 ","1,459 "
APP-021,Procellariiformes,Procellariidae,Fulmarus glacialis,"17,253 ","20,137 ","223,489 ","46,713 ","7,138 ","120,099 ","1,153,271,365 ","8,171,298 ",0.71,85.6,84.9,0.7,9.7,4.7,41.31 ,33,"13,865 ","12,279 ","1,213 ",7,169,6,"1,793 ","1,204 "
APP-022,Gaviiformes,Gaviidae,Gavia stellata,"16,492 ","20,596 ","265,946 ","44,907 ","7,258 ","147,997 ","1,145,076,370 ","9,392,112 ",0.82,83.7,83.2,0.5,10.7,5.6,41.29 ,33,"13,347 ","12,283 ","1,205 ",7,169,6,"1,807 ","1,154 "
APP-023,Passeriformes,Thraupidae,Geospiza fortis,"30,273 ","9,925 ","153,238 ","5,210,860 ",55 ,"84,668 ","1,072,489,490 ","23,952,837 ",2.23,94,93.1,0.9,3.6,2.4,41.65 ,115,"15,469 ","16,661 ","1,316 ",7,166,6,"2,217 ","1,454 "
APP-025,Accipitriformes,Accipitridae,Haliaeetus leucocephalus,"9,982 ","33,010 ","625,354 ","669,725 ",512 ,"346,419 ","1,258,793,725 ","49,959,769 ",3.97,92.5,91.8,0.7,4.4,3.1,41.80 ,88,"16,126 ","17,987 ","1,343 ",8,167,7,"2,377 ","1,479 "
APP-026,Leptosomatiformes,Leptosomidae,Leptosomus discolor,"19,177 ","17,786 ","231,570 ","61,823 ","5,251 ","148,510 ","1,148,076,042 ","3,532,975 ",0.31,86.9,86.4,0.5,9.3,3.8,41.96 ,32,"14,156 ","13,438 ","1,227 ",7,169,6,"1,957 ","1,323 "
APP-028,Psittaciformes,Psittaculidae,Melopsittacus undulatus,"55,368 ","5,507 ","71,450 ","10,614,387 ",28 ,"25,212 ","1,117,358,947 ","30,759,247 ",2.75,92.4,91.7,0.7,4.4,3.2,41.25 ,160,"14,904 ","18,643 ","1,380 ",8,169,7,"2,420 ","1,358 "
APP-029,Coraciiformes,Meropidae,Merops nubicus,"20,029 ","15,702 ","133,783 ","47,847 ","6,167 ","54,407 ","1,066,568,727 ","6,384,307 ",0.6,81.7,81.2,0.5,12.6,5.7,41.70 ,37,"13,270 ","12,197 ","1,181 ",7,168,6,"1,827 ","1,140 "
APP-030,Mesitornithiformes,Mesitornithidae,Mesitornis unicolor,"18,696 ","17,512 ","236,682 ","46,462 ","6,684 ","158,046 ","1,101,046,125 ","5,410,959 ",0.49,83.9,83.3,0.6,10.8,5.3,41.45 ,29,"14,502 ","11,116 ","1,173 ",6,169,5,"1,678 ","1,374 "
APP-031,Psittaciformes,Strigopidae,Nestor notabilis,"20,134 ","15,795 ","171,880 ","60,950 ","5,002 ","90,285 ","1,062,026,465 ","5,945,238 ",0.56,87.7,87.1,0.6,8.4,3.9,41.19 ,32,"14,101 ","13,149 ","1,253 ",7,167,6,"1,836 ","1,197 "
APP-032,Pelecaniformes,Threskiornithidae,Nipponia nippon,"67,828 ","4,941 ","265,723 ","72,217,672 ",5 ,"220,984 ","1,272,456,081 ","34,301,313 ",2.7,90.1,89,1.1,6,3.9,42.11 ,105,"16,476 ","20,072 ","1,381 ",8,164,7,"2,526 ","1,499 "
APP-033,Opisthocomiformes,Opisthocomidae,Opisthocomus hoazin,"24,342 ","13,763 ","158,673 ","2,913,940 ",123 ,"46,402 ","1,209,082,675 ","62,322,211 ",5.15,92.5,92,0.5,4.9,2.6,42.46 ,100,"14,037 ","20,315 ","1,374 ",8,167,7,"2,637 ","1,331 "
APP-034,Pelecaniformes,Pelecanidae,Pelecanus crispus,"18,353 ","19,305 ","179,516 ","43,061 ","7,937 ","90,644 ","1,168,624,213 ","6,460,988 ",0.55,83.7,82.9,0.8,10.5,5.8,41.46 ,34,"13,917 ","11,835 ","1,186 ",6,169,5,"1,780 ","1,249 "
APP-035,Phaethontiformes,Phaethontidae,Phaethon lepturus,"18,745 ","18,191 ","245,917 ","47,267 ","6,957 ","146,867 ","1,166,684,827 ","8,058,279 ",0.69,87,86.3,0.7,9.2,3.8,41.66 ,39,"14,084 ","12,590 ","1,222 ",7,169,6,"1,826 ","1,241 "
APP-036,Pelecaniformes,Phalacrocoracidae,Phalacrocorax carbo,"15,363 ","22,054 ","255,700 ","47,834 ","6,868 ","110,477 ","1,154,672,768 ","13,773,589 ",1.19,84.3,83.8,0.5,11.1,4.6,41.43 ,24,"13,263 ","12,640 ","1,201 ",7,168,6,"1,867 ","1,075 "
APP-037,Phoenicopteriformes,Phoenicopteridae,Phoenicopterus ruber,"16,678 ","20,408 ","242,490 ","37,663 ","8,752 ","144,917 ","1,144,756,512 ","6,684,921 ",0.58,82.2,81.7,0.5,12,5.8,42.05 ,33,"13,508 ","11,359 ","1,174 ",6,171,5,"1,736 ","1,278 "
APP-038,Piciformes,Picidae,Picoides pubescens,"20,895 ","14,975 ","195,052 ","2,086,781 ",170 ,"85,828 ","1,174,542,329 ","43,645,839 ",3.72,91.8,91,0.8,5.2,3,44.54 ,105,"14,843 ","19,251 ","1,370 ",8,168,7,"2,505 ","1,383 "
APP-039,Podicipiformes,Podicipedidae,Podiceps cristatus,"12,915 ","26,629 ","303,525 ","29,611 ","11,319 ","182,187 ","1,152,104,262 ","9,866,872 ",0.86,77.5,77.1,0.4,14.7,7.8,41.65 ,30,"13,262 ","10,254 ","1,142 ",6,172,5,"1,617 ","1,251 "
APP-040,Pterocliformes,Pteroclidae,Pterocles gutturalis,"17,085 ","18,823 ","196,562 ","49,063 ","6,264 ","91,611 ","1,079,547,375 ","6,961,854 ",0.64,85,84.4,0.6,10.5,4.5,41.46 ,25,"13,811 ","11,793 ","1,195 ",7,169,6,"1,752 ","1,277 "
APP-041,Sphenisciformes,Spheniscidae,Pygoscelis adeliae,"19,136 ","18,626 ","199,440 ","5,047,175 ",73 ,"90,746 ","1,226,103,150 ","54,160,468 ",4.42,93.3,92.7,0.6,4.1,2.6,41.61 ,60,"14,246 ","20,776 ","1,399 ",8,167,7,"2,635 ","1,250 "
APP-042,Struthioniformes,Struthionidae,Struthio camelus,"29,253 ","12,208 ","117,460 ","3,593,425 ",101 ,"32,466 ","1,228,437,082 ","40,553,716 ",3.3,93,92,1,4.3,2.7,41.08 ,85,"14,566 ","20,410 ","1,409 ",8,169,7,"2,590 ","1,324 "
APP-043,Musophagiformes,Musophagidae,Tauraco erythrolophus,"17,955 ","19,173 ","288,518 ","55,312 ","5,955 ","171,727 ","1,175,440,150 ","11,093,056 ",0.94,85.2,84.7,0.5,10.1,4.7,41.80 ,30,"14,125 ","13,100 ","1,217 ",7,168,6,"1,912 ","1,293 "
APP-044,Tinamiformes,Tinamidae,Tinamus guttatus,"24,452 ","12,145 ","247,842 ","242,170 ","1,174 ","176,873 ","1,060,169,855 ","22,856,002 ",2.16,87.1,86.1,1,7.9,5,41.47 ,100,"14,605 ","14,326 ","1,299 ",7,168,6,"1,945 ","1,329 "
APP-045,Strigiformes,Tytonidae,Tyto alba,"12,984 ","25,128 ","339,339 ","51,873 ","6,116 ","166,092 ","1,138,815,065 ","11,611,000 ",1.02,84.3,83.9,0.4,10.6,5.1,40.39 ,27,"13,069 ","13,085 ","1,206 ",7,167,6,"1,911 ","1,126 "
B10K-Callaeas-wilsoni,Passeriformes,Callaeidae,Callaeas wilsoni,"81,860 ","3,504 ","170,697 ","131,023 ","2,157 ","154,269 ","1,063,434,911 ","1,564,372 ",0.15,92.3,91.4,0.9,4.9,2.8,42.40 ,123,"16,183 ","14,342 ","1,273 ",7,170,6,"2,020 ","1,760 "
B10K-Casuarius-casuarius,Casuariiformes,Casuariidae,Casuarius casuarius,"74,444 ","4,422 ","37,268 ","5,669,588 ",66 ,"3,215 ","1,204,586,945 ","25,141,729 ",2.09,94.4,93.5,0.9,3.1,2.5,41.48 ,70,"15,374 ","19,991 ","1,415 ",8,170,7,"2,535 ","1,402 "
B10K-Crypturellus-soui,Tinamiformes,Tinamidae,Crypturellus soui,"27,085 ","10,093 ","246,052 ","841,369 ",316 ,"164,811 ","1,055,474,986 ","27,694,134 ",2.62,91.1,89.9,1.2,5.1,3.8,42.36 ,80,"15,817 ","15,481 ","1,323 ",7,170,6,"2,101 ","1,661 "
B10K-Crypturellus-undulatus,Tinamiformes,Tinamidae,Crypturellus undulatus,"31,512 ","8,382 ","244,034 ","375,789 ",670 ,"181,724 ","1,034,731,832 ","6,417,252 ",0.62,89.3,88.3,1,6.1,4.6,42.12 ,95,"15,645 ","14,649 ","1,294 ",7,171,6,"2,043 ","1,717 "
B10K-CU-030-46,Passeriformes,Menuridae,Menura novaehollandiae,"70,620 ","4,413 ","32,232 ","2,362,578 ",127 ,"4,041 ","1,060,482,361 ","10,107,542 ",0.95,95.1,94,1.1,2.7,2.2,41.91 ,60,"16,304 ","16,904 ","1,341 ",7,169,6,"2,256 ","1,647 "
B10K-CU-031-01,Otidiformes,Otididae,Ardeotis kori,"48,383 ","6,566 ","50,997 ","640,289 ",481 ,"9,397 ","1,150,502,741 ","38,493,905 ",3.35,93.3,92.5,0.8,4,2.7,41.75 ,57,"15,345 ","18,779 ","1,387 ",8,170,7,"2,430 ","1,508 "
B10K-CU-031-02,Cuculiformes,Cuculidae,Ceuthmochares aereus,"25,789 ","11,522 ","84,039 ","163,167 ","1,800 ","29,921 ","1,120,355,320 ","77,790,253 ",6.94,84.8,84.1,0.7,8.2,7,40.82 ,65,"13,605 ","17,345 ","1,301 ",7,171,6,"2,434 ","1,499 "
B10K-CU-031-03,Pelecaniformes,Ardeidae,Cochlearius cochlearius,"53,870 ","6,266 ","43,739 ","1,677,467 ",195 ,"3,767 ","1,173,759,388 ","17,724,276 ",1.51,94.5,93.6,0.9,3.4,2.1,42.95 ,61,"15,671 ","19,810 ","1,408 ",8,170,7,"2,529 ","1,542 "
B10K-CU-031-07,Cuculiformes,Cuculidae,Geococcyx californianus,"25,414 ","11,958 ","827,792 ","52,981 ","5,590 ","787,960 ","1,218,388,266 ","3,436,536 ",0.28,81.3,80.4,0.9,11.1,7.6,41.92 ,60,"14,856 ","11,588 ","1,182 ",6,175,5,"1,815 ","1,905 "
B10K-CU-031-08,Charadriiformes,Glareolidae,Glareola pratincola,"34,361 ","9,347 ","72,377 ","414,567 ",768 ,"12,285 ","1,173,033,779 ","28,538,038 ",2.43,92.6,91.7,0.9,4.5,2.9,42.38 ,60,"15,473 ","18,499 ","1,364 ",7,171,6,"2,468 ","1,646 "
B10K-CU-031-10,Caprimulgiformes,Nyctibiidae,Nyctibius bracteatus,"28,618 ","10,825 ","83,197 ","381,764 ",599 ,"12,620 ","1,169,311,260 ","40,076,856 ",3.43,92.1,91.2,0.9,4.7,3.2,41.92 ,59,"15,819 ","17,102 ","1,345 ",7,171,6,"2,298 ","1,612 "
B10K-CU-031-11,Procellariiformes,Oceanitidae,Oceanites oceanicus,"23,886 ","13,583 ","85,964 ","408,600 ",835 ,"8,410 ","1,178,468,135 ","28,743,168 ",2.44,92.2,91.3,0.9,4.8,3,41.73 ,67,"16,055 ","17,935 ","1,356 ",7,170,6,"2,376 ","1,593 "
B10K-CU-031-12,Passeriformes,Rhodinocichlidae,Rhodinocichla rosea,"24,088 ","11,434 ","80,951 ","2,632,112 ",102 ,"5,025 ","1,031,996,577 ","28,363,541 ",2.75,94.2,93.3,0.9,3.3,2.5,42.08 ,67,"16,220 ","16,482 ","1,326 ",7,170,6,"2,236 ","1,644 "
B10K-CU-031-13,Passeriformes,Tachurididae,Tachuris rubrigastra,"55,374 ","5,405 ","42,437 ","2,775,378 ",108 ,"3,878 ","1,059,901,859 ","12,598,598 ",1.19,93.9,93,0.9,3.2,2.9,41.48 ,57,"15,999 ","17,151 ","1,364 ",8,170,7,"2,248 ","1,480 "
B10K-CU-031-17,Passeriformes,Cinclosomatidae,Ptilorrhoa leucosticta,"64,329 ","4,208 ","50,387 ","1,207,954 ",222 ,"11,352 ","1,110,610,154 ","75,806,103 ",6.83,92.9,92.1,0.8,3.8,3.3,42.14 ,66,"15,401 ","17,815 ","1,338 ",7,171,6,"2,413 ","1,519 "
B10K-CU-031-19,Passeriformes,Rhipiduridae,Chaetorhynchus papuensis,"83,183 ","3,492 ","33,966 ","715,435 ",401 ,"7,929 ","1,045,139,786 ","9,951,606 ",0.95,93.6,92.7,0.9,3.8,2.6,42.48 ,69,"16,041 ","17,114 ","1,347 ",7,170,6,"2,283 ","1,607 "
B10K-CU-031-20,Passeriformes,Calyptomenidae,Smithornis capensis,"55,506 ","4,954 ","47,040 ","1,785,105 ",148 ,"7,265 ","1,061,338,010 ","33,586,903 ",3.16,93.2,92.2,1,4,2.8,41.10 ,68,"15,586 ","17,867 ","1,357 ",7,171,6,"2,384 ","1,622 "
B10K-CU-031-22,Cariamiformes,Cariamidae,Chunga burmeisteri,"61,759 ","5,551 ","36,892 ","1,426,777 ",223 ,"3,565 ","1,168,712,327 ","12,289,210 ",1.05,94.6,93.6,1,3.4,2,41.76 ,50,"16,117 ","19,267 ","1,385 ",8,169,7,"2,485 ","1,575 "
B10K-CU-031-23,Otidiformes,Otididae,Lophotis ruficrista,"50,196 ","6,476 ","42,106 ","707,612 ",427 ,"4,977 ","1,111,180,309 ","17,722,390 ",1.59,94.1,93.3,0.8,3.4,2.5,41.86 ,60,"15,498 ","18,209 ","1,385 ",8,169,7,"2,345 ","1,544 "
B10K-CU-031-38,Pelecaniformes,Anhingidae,Anhinga anhinga,"21,319 ","15,620 ","93,644 ","338,596 ","1,013 ","10,146 ","1,183,801,621 ","27,844,088 ",2.35,90.9,89.8,1.1,5.3,3.8,41.87 ,52,"15,371 ","18,472 ","1,378 ",8,170,7,"2,417 ","1,530 "
B10K-CU-031-40,Musophagiformes,Musophagidae,Corythaeola cristata,"6,602 ","38,248 ","227,213 ","102,847 ","2,688 ","37,147 ","1,095,576,948 ","117,997,689 ",10.77,73.6,72.9,0.7,11.4,15,42.74 ,75,"13,736 ","13,171 ","1,196 ",6,179,5,"2,107 ","1,710 "
B10K-Dromaius-novaehollandiae,Casuariiformes,Casuariidae,Dromaius novaehollandiae,"69,776 ","4,889 ","37,534 ","4,151,198 ",77 ,"3,301 ","1,200,677,614 ","25,755,231 ",2.15,94.5,93.7,0.8,3.2,2.3,41.48 ,71,"15,356 ","20,093 ","1,418 ",8,169,7,"2,537 ","1,389 "
B10K-DU-001-01,Passeriformes,Cotingidae,Cephalopterus ornatus,"58,402 ","5,094 ","109,229 ","290,842 ",924 ,"66,317 ","1,066,774,997 ","8,125,768 ",0.76,92.1,91.1,1,5.1,2.8,41.78 ,42,"15,768 ","15,720 ","1,316 ",7,165,6,"2,067 ","1,474 "
B10K-DU-001-02,Passeriformes,Grallariidae,Grallaria varia,"36,137 ","8,095 ","174,047 ","474,669 ",560 ,"100,121 ","1,065,803,553 ","9,623,491 ",0.9,92.6,91.7,0.9,4.5,2.9,42.34 ,49,"15,677 ","16,881 ","1,345 ",8,165,7,"2,180 ","1,442 "
B10K-DU-001-03,Passeriformes,Scleruridae,Sclerurus mexicanus,"66,053 ","4,357 ","83,797 ","1,025,074 ",287 ,"32,772 ","1,049,506,723 ","8,358,801 ",0.8,94.4,93.5,0.9,3.3,2.3,41.93 ,46,"15,849 ","17,572 ","1,354 ",8,164,7,"2,237 ","1,425 "
B10K-DU-001-04,Piciformes,Ramphastidae,Eubucco bourcierii,"14,894 ","21,212 ","327,606 ","204,279 ","1,399 ","160,263 ","1,252,240,762 ","32,162,860 ",2.57,89.2,88.3,0.9,6.6,4.2,44.55 ,38,"15,741 ","16,567 ","1,306 ",7,168,6,"2,251 ","1,663 "
B10K-DU-001-06,Passeriformes,Thamnophilidae,Sakesphorus luctuosus,"43,107 ","6,469 ","153,211 ","560,419 ",468 ,"70,433 ","1,086,118,519 ","12,845,297 ",1.18,92.6,91.6,1,4.5,2.9,42.10 ,45,"16,014 ","16,708 ","1,329 ",7,166,6,"2,204 ","1,584 "
B10K-DU-001-07,Strigiformes,Strigidae,Ciccaba nigrolineata,"26,167 ","12,764 ","189,436 ","415,847 ",770 ,"72,568 ","1,193,696,512 ","15,455,715 ",1.29,93.1,92.1,1,4.5,2.4,41.21 ,41,"15,811 ","17,980 ","1,345 ",8,164,7,"2,321 ","1,529 "
B10K-DU-001-08,Galliformes,Cracidae,Penelope pileata,"40,316 ","7,319 ","90,634 ","731,122 ",361 ,"30,220 ","1,030,367,496 ","7,809,760 ",0.76,94.1,93.2,0.9,3.9,2,42.24 ,48,"15,879 ","18,200 ","1,417 ",8,164,7,"2,199 ","1,457 "
B10K-DU-001-09,Passeriformes,Dendrocolaptidae,Campylorhamphus procurvoides,"68,481 ","4,244 ","120,425 ","1,019,356 ",280 ,"69,660 ","1,054,320,425 ","7,797,122 ",0.74,94.4,93.6,0.8,3.2,2.4,41.76 ,43,"15,982 ","17,361 ","1,344 ",8,164,7,"2,234 ","1,456 "
B10K-DU-001-15,Passeriformes,Alaudidae,Alaudala cheleensis,"36,182 ","7,689 ","275,145 ","388,945 ",687 ,"178,214 ","1,083,952,160 ","15,014,136 ",1.39,90.3,89.4,0.9,5.7,4,42.18 ,81,"16,231 ","14,540 ","1,269 ",7,171,6,"2,067 ","1,768 "
B10K-DU-001-16,Piciformes,Bucconidae,Bucco capensis,"20,418 ","11,476 ","233,184 ","332,821 ",655 ,"128,406 ","999,448,313 ","16,398,541 ",1.64,90.8,89.8,1,5.3,3.9,42.50 ,54,"16,011 ","15,047 ","1,325 ",7,166,6,"1,977 ","1,571 "
B10K-DU-001-17,Passeriformes,Turdidae,Catharus fuscescens,"28,664 ","10,000 ","267,081 ","270,150 ",938 ,"183,456 ","1,056,937,778 ","10,417,231 ",0.99,90.1,89.2,0.9,6,3.9,41.74 ,45,"15,868 ","15,308 ","1,282 ",7,165,6,"2,082 ","1,630 "
B10K-DU-001-18,Passeriformes,Regulidae,Regulus satrapa,"18,033 ","14,954 ","263,503 ","357,579 ",731 ,"111,055 ","1,021,078,622 ","20,217,981 ",1.98,90.8,90.1,0.7,5,4.2,41.54 ,50,"14,955 ","14,530 ","1,291 ",7,169,6,"1,996 ","1,429 "
B10K-DU-001-19,Passeriformes,Fringillidae,Loxia leucoptera,"47,207 ","6,014 ","124,568 ","612,195 ",459 ,"58,467 ","1,031,963,939 ","8,285,632 ",0.8,93.9,92.9,1,3.5,2.6,41.98 ,50,"16,036 ","16,417 ","1,311 ",7,164,6,"2,163 ","1,541 "
B10K-DU-001-20,Charadriiformes,Stercorariidae,Stercorarius parasiticus,"52,126 ","6,451 ","97,783 ","641,585 ",514 ,"38,292 ","1,163,360,408 ","8,499,407 ",0.73,94.3,93.5,0.8,3.7,2,42.10 ,36,"15,882 ","18,757 ","1,374 ",8,170,7,"2,458 ","1,626 "
B10K-DU-001-21,Coraciiformes,Momotidae,Baryphthengus martii,"41,052 ","7,453 ","218,711 ","219,300 ","1,279 ","157,737 ","1,116,581,886 ","7,089,819 ",0.63,91,90.1,0.9,5.6,3.4,42.04 ,44,"15,306 ","15,306 ","1,306 ",7,169,6,"2,086 ","1,501 "
B10K-DU-001-22,Passeriformes,Vireonidae,Vireo altiloquus,"56,904 ","5,282 ","140,188 ","659,419 ",455 ,"82,244 ","1,071,902,423 ","9,845,479 ",0.92,93.8,92.7,1.1,4.1,2.1,41.98 ,47,"16,254 ","16,633 ","1,328 ",7,170,6,"2,245 ","1,737 "
B10K-DU-001-23,Caprimulgiformes,Apodidae,Hemiprocne comata,"33,378 ","9,270 ","164,343 ","355,677 ",821 ,"80,594 ","1,147,652,221 ","22,226,534 ",1.94,91.8,91,0.8,4.8,3.4,41.73 ,40,"15,471 ","16,980 ","1,351 ",7,170,6,"2,262 ","1,511 "
B10K-DU-001-24,Piciformes,Ramphastidae,Psilopogon haemacephalus,"19,583 ","15,813 ","329,776 ","289,549 ",902 ,"192,078 ","1,223,535,639 ","20,798,913 ",1.7,90.4,89.5,0.9,5.7,3.9,44.38 ,41,"15,518 ","17,108 ","1,338 ",7,172,6,"2,333 ","1,670 "
B10K-DU-001-25,Passeriformes,Campephagidae,Edolisoma coerulescens,"58,610 ","5,019 ","95,514 ","1,332,512 ",212 ,"37,143 ","1,045,457,507 ","8,266,794 ",0.79,94.7,93.8,0.9,3.5,1.8,42.32 ,42,"15,983 ","17,254 ","1,342 ",7,168,6,"2,287 ","1,579 "
B10K-DU-001-26,Passeriformes,Irenidae,Irena cyanogastra,"64,571 ","4,413 ","120,329 ","550,671 ",488 ,"65,835 ","1,041,394,374 ","7,329,453 ",0.7,91.8,90.6,1.2,4.9,3.3,42.09 ,49,"16,221 ","15,984 ","1,299 ",7,165,6,"2,144 ","1,584 "
B10K-DU-001-27,Passeriformes,Zosteropidae,Sterrhoptilus dennistouni,"36,615 ","7,943 ","160,045 ","955,105 ",284 ,"74,587 ","1,056,050,256 ","17,638,211 ",1.67,93.1,92.4,0.7,3.9,3,41.39 ,46,"15,543 ","16,716 ","1,324 ",7,167,6,"2,224 ","1,488 "
B10K-DU-001-28,Passeriformes,Pachycephalidae,Pachycephala philippinensis,"36,019 ","8,134 ","151,813 ","488,038 ",556 ,"77,877 ","1,048,166,206 ","10,920,671 ",1.04,93.3,92.4,0.9,4.2,2.5,42.22 ,41,"15,441 ","16,575 ","1,334 ",7,169,6,"2,216 ","1,548 "
B10K-DU-001-29,Passeriformes,Sturnidae,Rhabdornis inornatus,"66,235 ","4,336 ","101,197 ","1,033,291 ",262 ,"49,538 ","1,042,126,594 ","6,521,606 ",0.63,94.3,93.5,0.8,3.5,2.2,41.66 ,50,"16,324 ","17,184 ","1,337 ",8,164,7,"2,229 ","1,543 "
B10K-DU-001-30,Piciformes,Ramphastidae,Ramphastos sulfuratus,"12,365 ","22,691 ","407,703 ","83,050 ","3,275 ","247,521 ","1,199,351,480 ","20,727,992 ",1.73,85.6,84.6,1,8.7,5.7,44.04 ,76,"15,431 ","12,923 ","1,242 ",7,175,6,"1,917 ","1,783 "
B10K-DU-001-31,Passeriformes,Icteridae,Quiscalus mexicanus,"45,287 ","6,116 ","147,841 ","92,463 ","2,984 ","104,220 ","1,047,648,627 ","5,400,039 ",0.52,88.2,87.5,0.7,7.3,4.5,41.76 ,54,"15,395 ","13,136 ","1,225 ",7,164,6,"1,843 ","1,509 "
B10K-DU-001-32,Procellariiformes,Hydrobatidae,Hydrobates tethys,"27,847 ","12,048 ","197,381 ","367,816 ",895 ,"86,879 ","1,195,757,883 ","13,827,875 ",1.16,92.5,91.7,0.8,4.7,2.8,41.77 ,38,"15,915 ","17,898 ","1,344 ",8,165,7,"2,323 ","1,472 "
B10K-DU-001-33,Passeriformes,Monarchidae,Myiagra hebetior,"33,322 ","9,016 ","143,338 ","826,168 ",350 ,"55,333 ","1,054,381,473 ","11,640,326 ",1.1,94.3,93.4,0.9,3.4,2.3,42.11 ,46,"15,971 ","17,207 ","1,326 ",8,163,7,"2,235 ","1,470 "
B10K-DU-001-34,Passeriformes,Dicaeidae,Dicaeum eximium,"55,437 ","5,167 ","103,366 ","1,082,530 ",238 ,"45,299 ","1,018,686,888 ","8,761,441 ",0.86,94.1,93.1,1,3.6,2.3,42.03 ,49,"15,893 ","17,104 ","1,374 ",8,169,7,"2,214 ","1,577 "
B10K-DU-001-35,Passeriformes,Nectariniidae,Leptocoma aspasia,"46,009 ","6,439 ","100,234 ","740,066 ",379 ,"33,685 ","1,038,315,696 ","10,108,643 ",0.97,93.9,92.8,1.1,3.7,2.4,41.85 ,44,"15,967 ","16,690 ","1,332 ",7,168,6,"2,230 ","1,587 "
B10K-DU-001-36,Passeriformes,Zosteropidae,Zosterops hypoxanthus,"29,119 ","10,166 ","214,827 ","300,499 ",873 ,"131,449 ","1,061,298,102 ","7,949,662 ",0.75,90.7,89.9,0.8,5.2,4.1,41.55 ,47,"15,950 ","14,851 ","1,280 ",7,169,6,"2,075 ","1,730 "
B10K-DU-001-37,Passeriformes,Tyrannidae,Tyrannus savana,"36,595 ","8,355 ","193,732 ","428,231 ",686 ,"128,031 ","1,067,549,296 ","9,791,047 ",0.92,92.9,92,0.9,4.4,2.7,41.77 ,47,"15,621 ","16,238 ","1,338 ",7,168,6,"2,152 ","1,519 "
B10K-DU-001-39,Galliformes,Megapodiidae,Alectura lathami,"12,136 ","22,696 ","335,624 ","225,288 ","1,295 ","141,553 ","1,057,265,541 ","22,938,522 ",2.17,89.6,88.6,1,6.7,3.7,42.52 ,48,"15,429 ","15,282 ","1,337 ",8,164,7,"1,956 ","1,381 "
B10K-DU-001-40,Caprimulgiformes,Podargidae,Podargus strigoides,"37,748 ","8,088 ","501,422 ","166,720 ","1,609 ","447,120 ","1,177,876,414 ","6,923,815 ",0.59,83.8,82.8,1,8.4,7.8,41.73 ,69,"15,862 ","13,008 ","1,237 ",7,173,6,"1,922 ","1,786 "
B10K-DU-001-42,Piciformes,Ramphastidae,Semnornis frantzii,"5,964 ","43,923 ","696,357 ","15,559 ","15,292 ","494,102 ","1,102,024,228 ","28,660,187 ",2.6,56.4,56,0.4,16.3,27.3,44.23 ,46,"12,259 ","7,527 ","1,068 ",5,184,4,"1,347 ","1,611 "
B10K-DU-001-43,Passeriformes,Formicariidae,Formicarius rufipectus,"42,048 ","7,105 ","96,076 ","836,584 ",317 ,"38,730 ","1,047,865,908 ","6,067,855 ",0.58,93.8,93,0.8,3.9,2.3,41.77 ,49,"15,528 ","17,224 ","1,363 ",8,169,7,"2,255 ","1,465 "
B10K-DU-001-44,Pelecaniformes,Threskiornithidae,Mesembrinibis cayennensis,"46,373 ","7,182 ","163,202 ","478,292 ",669 ,"98,463 ","1,204,019,942 ","8,588,674 ",0.71,93.2,92.3,0.9,4.2,2.6,41.90 ,40,"15,910 ","17,839 ","1,355 ",7,169,6,"2,361 ","1,605 "
B10K-DU-001-45,Passeriformes,Parulidae,Setophaga kirtlandii,"37,098 ","7,415 ","292,484 ","560,646 ",468 ,"200,286 ","1,066,735,798 ","11,293,363 ",1.06,92.5,91.6,0.9,4.4,3.1,42.04 ,44,"15,880 ","16,585 ","1,308 ",7,165,6,"2,210 ","1,618 "
B10K-DU-001-46,Psittaciformes,Psittacidae,Amazona guildingii,"27,435 ","11,277 ","192,982 ","271,688 ","1,085 ","97,853 ","1,142,575,378 ","15,008,564 ",1.31,92.1,91.2,0.9,4.8,3.1,42.03 ,42,"15,962 ","16,501 ","1,342 ",8,165,7,"2,138 ","1,564 "
B10K-DU-001-47,Pelecaniformes,Ciconiidae,Ciconia maguari,"36,411 ","9,265 ","167,650 ","364,941 ",944 ,"81,876 ","1,207,277,331 ","16,053,797 ",1.33,92.4,91.7,0.7,4.8,2.8,41.44 ,41,"15,151 ","18,413 ","1,352 ",8,163,7,"2,352 ","1,324 "
B10K-DU-001-48,Passeriformes,Dicruridae,Dicrurus megarhynchus,"66,873 ","4,629 ","328,104 ","1,020,391 ",289 ,"274,599 ","1,083,428,237 ","6,336,125 ",0.58,94.2,93.1,1.1,3.7,2.1,42.06 ,42,"16,238 ","17,623 ","1,344 ",8,164,7,"2,266 ","1,554 "
B10K-DU-001-49,Passeriformes,Rhipiduridae,Rhipidura dahli,"53,398 ","5,630 ","78,665 ","788,641 ",360 ,"32,210 ","1,021,725,253 ","4,379,576 ",0.43,94.3,93.4,0.9,3.5,2.2,42.15 ,49,"15,978 ","17,233 ","1,338 ",8,164,7,"2,229 ","1,544 "
B10K-DU-001-53,Galliformes,Odontophoridae,Odontophorus gujanensis,"38,553 ","7,354 ","131,582 ","341,583 ",790 ,"72,794 ","983,818,509 ","7,079,919 ",0.72,93.5,92.5,1,3.7,2.8,40.95 ,52,"15,538 ","16,568 ","1,415 ",8,168,7,"2,051 ","1,470 "
B10K-DU-001-55,Gruiformes,Heliornithidae,Heliornis fulica,"29,184 ","10,189 ","178,510 ","385,762 ",744 ,"85,378 ","1,104,094,834 ","14,907,716 ",1.35,92.6,91.7,0.9,4.6,2.8,42.22 ,43,"15,221 ","17,608 ","1,359 ",8,165,7,"2,254 ","1,399 "
B10K-DU-001-56,Caprimulgiformes,Nyctibiidae,Nyctibius grandis,"35,068 ","8,886 ","177,956 ","157,465 ","1,679 ","113,716 ","1,162,014,459 ","7,728,916 ",0.67,90.1,89.2,0.9,6.3,3.6,41.90 ,44,"15,730 ","15,241 ","1,299 ",7,166,6,"2,050 ","1,570 "
B10K-DU-001-57,Anseriformes,Anseranatidae,Anseranas semipalmata,"31,498 ","10,349 ","100,744 ","621,325 ",505 ,"26,934 ","1,133,397,801 ","9,962,218 ",0.88,94.1,93.3,0.8,3.7,2.2,41.57 ,47,"16,044 ","18,497 ","1,394 ",8,165,7,"2,296 ","1,432 "
B10K-DU-001-60,Gruiformes,Psophiidae,Psophia crepitans,"39,065 ","8,523 ","102,477 ","468,317 ",631 ,"36,535 ","1,172,128,290 ","12,774,796 ",1.09,93.4,92.7,0.7,4.1,2.5,42.73 ,42,"15,567 ","18,562 ","1,373 ",8,165,7,"2,358 ","1,465 "
B10K-DU-001-61,Coraciiformes,Alcedinidae,Chloroceryle aenea,"19,601 ","14,371 ","237,142 ","323,453 ",918 ,"67,943 ","1,067,751,506 ","30,008,195 ",2.81,90.8,90.2,0.6,5.8,3.4,41.70 ,44,"14,227 ","17,499 ","1,339 ",8,161,7,"2,221 ","1,140 "
B10K-DU-001-62,Piciformes,Galbulidae,Galbula dea,"89,858 ","3,016 ","110,044 ","1,166,617 ",212 ,"72,399 ","1,013,529,129 ","5,241,053 ",0.52,93.3,92.2,1.1,3.9,2.8,42.42 ,48,"16,224 ","17,289 ","1,370 ",8,165,7,"2,188 ","1,591 "
B10K-DU-001-63,Passeriformes,Donacobiidae,Donacobius atricapilla,"31,991 ","9,314 ","172,898 ","539,859 ",537 ,"78,558 ","1,060,417,622 ","11,226,043 ",1.06,92.7,91.8,0.9,4.2,3.1,42.03 ,49,"15,575 ","15,754 ","1,321 ",7,169,6,"2,119 ","1,456 "
B10K-DU-001-64,Charadriiformes,Burhinidae,Burhinus bistriatus,"27,518 ","12,872 ","284,958 ","398,556 ",841 ,"185,359 ","1,229,614,579 ","13,322,906 ",1.08,93.2,92.3,0.9,4.3,2.5,41.89 ,42,"16,067 ","17,306 ","1,338 ",7,169,6,"2,319 ","1,615 "
B10K-DU-001-65,Passeriformes,Laniidae,Lanius ludovicianus,"59,003 ","4,961 ","84,506 ","684,280 ",436 ,"36,383 ","1,042,740,150 ","7,770,984 ",0.75,93.8,92.9,0.9,3.7,2.5,41.61 ,45,"15,776 ","16,866 ","1,322 ",8,163,7,"2,187 ","1,422 "
B10K-DU-001-66,Passeriformes,Polioptilidae,Polioptila caerulea,"28,309 ","10,375 ","195,531 ","600,973 ",456 ,"101,527 ","1,047,776,632 ","17,658,564 ",1.69,93.1,92.2,0.9,4.1,2.8,41.80 ,52,"15,552 ","17,092 ","1,334 ",8,164,7,"2,221 ","1,414 "
B10K-DU-001-67,Passeriformes,Hirundinidae,Hirundo rustica,"53,501 ","5,359 ","58,767 ","693,032 ",400 ,"13,052 ","1,043,765,736 ","4,820,456 ",0.46,93.3,92.3,1,3.9,2.8,42.26 ,117,"16,082 ","15,943 ","1,323 ",7,170,6,"2,165 ","1,591 "
B10K-DU-001-68,Passeriformes,Troglodytidae,Thryothorus ludovicianus,"34,391 ","8,169 ","208,987 ","481,690 ",570 ,"117,732 ","1,041,923,001 ","15,521,184 ",1.49,91.6,90.7,0.9,4.8,3.6,41.61 ,46,"15,704 ","15,965 ","1,301 ",7,164,6,"2,128 ","1,516 "
B10K-DU-001-69,Passeriformes,Cardinalidae,Cardinalis cardinalis,"55,309 ","4,991 ","149,271 ","445,835 ",565 ,"94,555 ","1,045,203,253 ","8,470,071 ",0.81,92.6,91.6,1,4.4,3,42.05 ,53,"15,808 ","15,585 ","1,283 ",7,164,6,"2,105 ","1,590 "
B10K-DU-001-70,Passeriformes,Scotocercidae,Hylia prasina,"34,973 ","8,368 ","167,646 ","679,174 ",393 ,"84,639 ","1,035,995,776 ","10,644,454 ",1.03,92.5,91.7,0.8,4.4,3.1,41.79 ,48,"15,499 ","17,033 ","1,329 ",8,163,7,"2,203 ","1,365 "
B10K-DU-001-71,Passeriformes,Platysteiridae,Dyaphorophyia castanea,"39,908 ","7,485 ","139,701 ","715,059 ",386 ,"62,269 ","1,063,709,178 ","10,372,555 ",0.98,94,93.1,0.9,3.6,2.4,42.40 ,50,"16,063 ","17,198 ","1,332 ",8,165,7,"2,242 ","1,502 "
B10K-DU-001-72,Passeriformes,Tityridae,Pachyramphus minor,"45,231 ","6,692 ","130,353 ","556,579 ",504 ,"74,959 ","1,061,333,976 ","8,249,437 ",0.78,94.4,93.2,1.2,3.4,2.2,41.52 ,40,"15,736 ","16,905 ","1,353 ",8,169,7,"2,219 ","1,502 "
B10K-DU-001-74,Passeriformes,Muscicapidae,Oenanthe oenanthe,"24,982 ","11,284 ","196,111 ","505,547 ",534 ,"102,343 ","1,010,647,462 ","11,468,011 ",1.13,93.2,92.3,0.9,4.2,2.6,41.56 ,52,"15,789 ","15,774 ","1,316 ",7,169,6,"2,135 ","1,593 "
B10K-DU-001-75,Passeriformes,Motacillidae,Motacilla alba,"43,094 ","6,797 ","123,605 ","680,364 ",410 ,"47,283 ","1,046,466,194 ","11,079,595 ",1.06,94.2,93.3,0.9,3.6,2.2,41.94 ,50,"15,726 ","16,684 ","1,313 ",7,165,6,"2,209 ","1,443 "
B10K-DU-001-77,Passeriformes,Cinclidae,Cinclus mexicanus,"26,067 ","10,340 ","276,339 ","207,283 ","1,200 ","173,517 ","1,012,550,703 ","12,239,142 ",1.21,85.2,84.2,1,6.8,8,41.42 ,46,"15,367 ","12,265 ","1,222 ",7,170,6,"1,795 ","1,494 "
B10K-DU-001-78,Piciformes,Indicatoridae,Indicator maculatus,"31,905 ","9,241 ","194,351 ","457,931 ",605 ,"99,029 ","1,136,555,199 ","16,765,787 ",1.48,92.4,91.4,1,4.4,3.2,43.52 ,48,"15,617 ","16,840 ","1,338 ",7,170,6,"2,267 ","1,570 "
B10K-DU-001-79,Passeriformes,Ploceidae,Ploceus nigricollis,"35,693 ","7,983 ","162,378 ","726,717 ",401 ,"68,466 ","1,041,082,811 ","14,276,785 ",1.37,93.5,92.5,1,4,2.5,41.65 ,46,"15,591 ","17,164 ","1,333 ",8,163,7,"2,216 ","1,386 "
B10K-DU-002-01,Passeriformes,Pellorneidae,Illadopsis cleaveri,"23,671 ","12,006 ","254,124 ","373,570 ",705 ,"123,122 ","1,064,435,358 ","19,760,073 ",1.86,92.2,91.5,0.7,4.5,3.3,41.62 ,45,"15,469 ","16,331 ","1,313 ",7,164,6,"2,149 ","1,430 "
B10K-DU-002-02,Passeriformes,Sturnidae,Leucopsar rothschildi,"49,984 ","5,729 ","112,862 ","603,117 ",470 ,"43,697 ","1,022,497,748 ","10,318,155 ",1.01,93.1,92.2,0.9,4.2,2.7,41.36 ,43,"15,612 ","16,382 ","1,313 ",8,162,7,"2,131 ","1,394 "
B10K-DU-002-03,Passeriformes,Eurylaimidae,Serilophus lunatus,"53,783 ","5,586 ","75,046 ","848,428 ",323 ,"29,619 ","1,042,815,171 ","7,617,074 ",0.73,93.5,92.6,0.9,4.3,2.2,41.35 ,49,"15,866 ","17,311 ","1,357 ",8,164,7,"2,206 ","1,531 "
B10K-DU-002-05,Passeriformes,Artamidae,Gymnorhina tibicen,"73,811 ","4,026 ","85,203 ","1,189,794 ",241 ,"43,674 ","1,055,490,920 ","7,166,851 ",0.68,94.5,93.7,0.8,3.4,2.1,42.49 ,51,"16,211 ","17,391 ","1,334 ",8,164,7,"2,264 ","1,566 "
B10K-DU-002-07,Passeriformes,Oxyruncidae,Oxyruncus cristatus,"53,981 ","5,702 ","80,025 ","1,136,976 ",261 ,"31,587 ","1,064,938,975 ","8,528,422 ",0.8,94.8,94,0.8,3.2,2,42.06 ,49,"15,780 ","18,066 ","1,367 ",8,164,7,"2,283 ","1,416 "
B10K-DU-002-08,Passeriformes,Sylviidae,Sinosuthora webbiana,"42,834 ","6,964 ","145,799 ","959,466 ",286 ,"78,953 ","1,056,511,644 ","9,739,920 ",0.92,93.9,92.9,1,3.5,2.6,42.10 ,47,"16,242 ","16,845 ","1,320 ",8,164,7,"2,216 ","1,629 "
B10K-DU-002-09,Passeriformes,Locustellidae,Locustella ochotensis,"49,337 ","6,032 ","48,077 ","661,807 ",421 ,"10,759 ","1,039,565,349 ","17,079,540 ",1.64,93.1,92.2,0.9,4.1,2.8,41.85 ,93,"15,942 ","16,944 ","1,324 ",8,164,7,"2,216 ","1,511 "
B10K-DU-002-10,Passeriformes,Aegithalidae,Aegithalos caudatus,"20,643 ","13,323 ","281,973 ","304,996 ",810 ,"153,849 ","1,028,045,045 ","18,897,960 ",1.84,88.4,87.4,1,6.2,5.4,41.51 ,48,"15,354 ","13,999 ","1,258 ",7,164,6,"1,910 ","1,419 "
B10K-DU-002-11,Gruiformes,Aramidae,Aramus guarauna,"32,514 ","10,160 ","136,175 ","803,774 ",386 ,"43,910 ","1,173,814,118 ","10,181,571 ",0.87,94.4,93.5,0.9,3.5,2.1,41.83 ,47,"16,092 ","19,131 ","1,378 ",8,165,7,"2,420 ","1,519 "
B10K-DU-002-13,Charadriiformes,Recurvirostridae,Himantopus himantopus,"37,080 ","9,107 ","149,628 ","710,108 ",470 ,"62,022 ","1,201,517,041 ","11,987,451 ",1,94,93,1,4,2,42.15 ,39,"15,984 ","17,855 ","1,364 ",7,170,6,"2,359 ","1,605 "
B10K-DU-002-14,Charadriiformes,Rostratulidae,Nycticryphes semicollaris,"33,955 ","9,378 ","139,288 ","700,983 ",466 ,"50,062 ","1,130,472,382 ","10,155,480 ",0.9,93.9,93,0.9,3.9,2.2,41.78 ,41,"15,975 ","17,708 ","1,376 ",8,170,7,"2,314 ","1,610 "
B10K-DU-002-15,Passeriformes,Mimidae,Toxostoma redivivum,"50,278 ","5,787 ","114,101 ","743,078 ",383 ,"50,954 ","1,035,941,564 ","9,994,270 ",0.96,93.5,92.4,1.1,3.8,2.7,41.32 ,50,"16,158 ","16,698 ","1,316 ",7,164,6,"2,197 ","1,553 "
B10K-DU-002-16,Charadriiformes,Laridae,Rynchops niger,"28,103 ","11,784 ","144,301 ","520,649 ",633 ,"42,920 ","1,181,396,915 ","12,711,811 ",1.08,94.1,93.3,0.8,3.8,2.1,42.28 ,39,"16,112 ","18,463 ","1,369 ",8,166,7,"2,359 ","1,560 "
B10K-DU-002-18,Passeriformes,Acrocephalidae,Hippolais icterina,"35,403 ","8,214 ","206,961 ","494,139 ",535 ,"127,926 ","1,058,346,837 ","10,117,678 ",0.96,92,91.3,0.7,4.3,3.7,41.67 ,49,"15,623 ","16,284 ","1,304 ",7,165,6,"2,170 ","1,591 "
B10K-DU-002-19,Passeriformes,Sylviidae,Sylvia borin,"30,528 ","9,306 ","186,430 ","724,950 ",369 ,"87,065 ","1,043,788,113 ","14,387,656 ",1.38,93.1,92.2,0.9,4.1,2.8,41.55 ,48,"15,645 ","17,102 ","1,329 ",8,163,7,"2,214 ","1,456 "
B10K-DU-002-20,Passeriformes,Certhiidae,Certhia brachydactyla,"38,749 ","7,788 ","105,707 ","868,112 ",326 ,"35,677 ","1,031,668,949 ","8,370,379 ",0.81,94.3,93.3,1,3.5,2.2,41.23 ,49,"15,938 ","17,411 ","1,337 ",8,164,7,"2,248 ","1,494 "
B10K-DU-002-22,Passeriformes,Paradisaeidae,Paradisaea raggiana,"62,708 ","4,684 ","104,496 ","862,985 ",326 ,"54,526 ","1,051,600,299 ","7,952,784 ",0.76,94,93.2,0.8,3.8,2.2,42.27 ,42,"16,086 ","16,944 ","1,327 ",8,164,7,"2,213 ","1,550 "
B10K-DU-002-23,Passeriformes,Bombycillidae,Bombycilla garrulus,"33,314 ","8,529 ","178,197 ","605,066 ",441 ,"90,930 ","1,039,718,708 ","12,037,635 ",1.16,92.9,91.9,1,4.3,2.8,41.80 ,50,"15,849 ","16,307 ","1,307 ",7,164,6,"2,164 ","1,526 "
B10K-DU-002-24,Passeriformes,Oriolidae,Oriolus oriolus,"67,213 ","4,245 ","94,838 ","711,285 ",380 ,"50,815 ","1,042,610,995 ","7,025,447 ",0.67,93.9,93,0.9,3.9,2.2,42.49 ,40,"15,859 ","17,061 ","1,335 ",8,164,7,"2,212 ","1,495 "
B10K-DU-002-25,Passeriformes,Sittidae,Sitta europaea,"40,274 ","7,149 ","109,642 ","655,361 ",430 ,"39,511 ","1,023,562,001 ","10,336,630 ",1.01,92.9,91.8,1.1,4.5,2.6,41.64 ,51,"15,573 ","16,533 ","1,309 ",8,162,7,"2,160 ","1,364 "
B10K-DU-002-26,Passeriformes,Phylloscopidae,Rhadina sibilatrix,"21,839 ","13,373 ","218,979 ","331,107 ",777 ,"113,318 ","1,053,499,693 ","9,440,597 ",0.9,91.7,91,0.7,4.9,3.4,41.79 ,50,"15,484 ","16,283 ","1,311 ",7,165,6,"2,158 ","1,510 "
B10K-DU-002-28,Charadriiformes,Laridae,Larus smithsonianus,"41,794 ","7,017 ","309,348 ","79,676 ","3,475 ","284,258 ","1,195,558,156 ","2,970,432 ",0.25,78.5,77.8,0.7,11.6,9.9,42.54 ,90,"15,503 ","11,215 ","1,161 ",6,178,5,"1,823 ","1,920 "
B10K-DU-002-30,Passeriformes,Cisticolidae,Cisticola juncidis,"40,687 ","6,961 ","124,919 ","876,550 ",314 ,"52,841 ","1,020,811,471 ","11,175,188 ",1.09,93,92.2,0.8,4.2,2.8,41.82 ,49,"15,392 ","17,317 ","1,326 ",8,163,7,"2,242 ","1,451 "
B10K-DU-002-32,Passeriformes,Ptiliogonatidae,Phainopepla nitens,"45,579 ","6,026 ","146,630 ","537,472 ",497 ,"75,292 ","1,033,525,742 ","10,963,608 ",1.06,92.5,91.5,1,4.7,2.8,41.79 ,43,"15,479 ","16,013 ","1,323 ",7,168,6,"2,145 ","1,508 "
B10K-DU-002-35,Bucerotiformes,Phoeniculidae,Rhinopomastus cyanomelas,"45,992 ","5,805 ","128,480 ","411,036 ",623 ,"77,971 ","1,002,017,600 ","6,205,279 ",0.62,90.8,89.6,1.2,5.5,3.7,45.52 ,51,"16,390 ","15,536 ","1,329 ",8,165,7,"2,025 ","1,600 "
B10K-DU-002-36,Charadriiformes,Glareolidae,Rhinoptilus africanus,"26,960 ","11,927 ","194,503 ","379,031 ",839 ,"82,369 ","1,161,806,796 ","13,755,397 ",1.18,92,91,1,5,3,42.17 ,39,"15,456 ","17,608 ","1,341 ",8,166,7,"2,306 ","1,492 "
B10K-DU-002-37,Piciformes,Ramphastidae,Tricholaema leucomelas,"30,782 ","9,153 ","416,639 ","279,975 ",948 ,"335,758 ","1,269,831,166 ","14,324,432 ",1.13,90.4,89.3,1.1,5.8,3.8,45.11 ,76,"16,013 ","16,369 ","1,318 ",7,174,6,"2,291 ","1,871 "
B10K-DU-002-40,Passeriformes,Nicatoridae,Nicator chloris,"34,659 ","7,524 ","360,991 ","95,495 ","2,281 ","326,630 ","1,063,718,601 ","4,735,418 ",0.45,82.7,81.8,0.9,7.9,9.4,42.51 ,78,"15,520 ","10,893 ","1,183 ",6,175,5,"1,688 ","1,774 "
B10K-DU-002-42,Passeriformes,Pycnonotidae,Pycnonotus jocosus,"31,418 ","8,999 ","215,486 ","214,665 ","1,144 ","142,341 ","1,035,289,814 ","7,118,940 ",0.69,89.9,89,0.9,5.9,4.2,41.75 ,48,"15,755 ","14,269 ","1,268 ",7,165,6,"1,956 ","1,607 "
B10K-DU-002-43,Passeriformes,Leiothrichidae,Leiothrix lutea,"23,863 ","11,292 ","97,923 ","297,729 ",915 ,"16,987 ","1,058,776,917 ","53,875,678 ",5.09,87.2,86.3,0.9,7.1,5.7,41.91 ,70,"15,472 ","15,719 ","1,272 ",7,167,6,"2,189 ","1,531 "
B10K-DU-002-46,Passeriformes,Rhinocryptidae,Scytalopus superciliaris,"31,416 ","9,412 ","135,194 ","627,296 ",442 ,"46,063 ","1,065,488,331 ","12,520,576 ",1.18,93.6,92.9,0.7,4,2.4,41.71 ,43,"15,634 ","17,357 ","1,349 ",8,164,7,"2,226 ","1,428 "
B10K-DU-002-47,Charadriiformes,Thinocoridae,Thinocorus orbignyianus,"34,007 ","9,122 ","129,695 ","838,044 ",354 ,"42,478 ","1,095,915,910 ","10,223,799 ",0.93,94.2,93.2,1,3.6,2.2,41.89 ,40,"15,782 ","18,145 ","1,376 ",8,167,7,"2,327 ","1,478 "
B10K-DU-002-48,Pelecaniformes,Fregatidae,Fregata magnificens,"21,132 ","13,950 ","459,798 ","139,869 ","2,064 ","295,417 ","1,206,209,642 ","24,906,299 ",2.06,76.9,76.3,0.6,9.3,13.8,42.01 ,40,"15,056 ","12,885 ","1,187 ",7,168,6,"1,938 ","1,524 "
B10K-DU-002-49,Pelecaniformes,Sulidae,Sula dactylatra,"24,550 ","11,449 ","401,594 ","149,636 ","1,745 ","268,457 ","1,165,256,327 ","20,188,833 ",1.73,76.1,75.4,0.7,9.5,14.4,41.93 ,42,"14,733 ","13,225 ","1,217 ",7,169,6,"1,949 ","1,462 "
B10K-DU-002-50,Passeriformes,Viduidae,Vidua macroura,"23,730 ","11,512 ","391,511 ","162,208 ","1,407 ","264,914 ","1,048,748,563 ","18,066,796 ",1.72,84.3,83.5,0.8,6.8,8.9,41.79 ,47,"15,218 ","12,424 ","1,212 ",7,166,6,"1,786 ","1,512 "
B10K-DU-002-51,Coraciiformes,Coraciidae,Eurystomus gularis,"42,239 ","7,221 ","157,178 ","194,769 ","1,428 ","102,877 ","1,138,473,888 ","10,438,044 ",0.92,89.8,88.9,0.9,6.3,3.9,42.10 ,35,"15,522 ","15,127 ","1,301 ",7,165,6,"2,010 ","1,475 "
B10K-DU-002-52,Passeriformes,Peucedramidae,Peucedramus taeniatus,"37,959 ","7,498 ","177,703 ","180,993 ","1,368 ","115,841 ","1,046,044,339 ","7,453,440 ",0.71,87.8,86.8,1,6.9,5.3,41.67 ,51,"15,621 ","13,279 ","1,239 ",7,166,6,"1,865 ","1,558 "
B10K-DU-002-53,Passeriformes,Pittidae,Pitta sordida,"16,896 ","15,914 ","285,606 ","173,855 ","1,452 ","146,496 ","1,101,152,807 ","20,387,362 ",1.85,90.1,89,1.1,5.8,4.1,42.63 ,48,"15,763 ","13,920 ","1,274 ",7,166,6,"1,894 ","1,568 "
B10K-DU-002-55,Passeriformes,Calyptomenidae,Calyptomena viridis,"23,416 ","11,373 ","405,096 ","162,411 ","1,600 ","238,827 ","1,080,103,186 ","35,511,432 ",3.29,84.6,83.8,0.8,6.8,8.6,41.43 ,67,"15,117 ","12,401 ","1,217 ",7,172,6,"1,844 ","1,589 "
B10K-DU-002-56,Passeriformes,Malaconotidae,Dryoscopus gambensis,"19,917 ","12,643 ","455,345 ","104,409 ","2,038 ","317,817 ","1,023,999,381 ","22,653,569 ",2.21,78.9,78.1,0.8,7.8,13.3,42.63 ,42,"14,389 ","11,464 ","1,183 ",7,167,6,"1,690 ","1,431 "
B10K-DU-002-57,Passeriformes,Irenidae,Chloropsis cyanopogon,"15,961 ","15,886 ","494,807 ","100,780 ","2,262 ","320,697 ","1,017,099,361 ","38,716,333 ",3.81,80.3,79.3,1,7.4,12.3,42.43 ,65,"14,491 ","10,805 ","1,171 ",6,172,5,"1,666 ","1,554 "
B10K-DU-002-58,Passeriformes,Vireonidae,Erpornis zantholeuca,"28,536 ","9,260 ","367,349 ","169,693 ","1,389 ","250,628 ","1,036,643,878 ","16,876,838 ",1.63,84.5,83.6,0.9,6.7,8.8,42.04 ,45,"15,376 ","12,483 ","1,212 ",7,166,6,"1,798 ","1,567 "
B10K-DU-002-59,Charadriiformes,Jacanidae,Jacana jacana,"17,618 ","15,623 ","437,368 ","120,988 ","2,035 ","282,285 ","1,111,602,366 ","26,646,812 ",2.4,80.7,80,0.7,8.4,10.9,42.77 ,42,"14,865 ","13,173 ","1,232 ",7,169,6,"1,904 ","1,538 "
B10K-DU-002-60,Passeriformes,Scotocercidae,Erythrocercus mccallii,"76,154 ","3,679 ","42,900 ","347,331 ",722 ,"11,375 ","1,030,128,718 ","20,250,703 ",1.97,89.9,88.8,1.1,6.2,3.9,41.51 ,122,"15,952 ","15,884 ","1,289 ",7,165,6,"2,151 ","1,590 "
B10K-DU-002-69,Coraciiformes,Todidae,Todus mexicanus,"5,967 ","37,941 ","995,245 ","10,900 ","19,912 ","847,126 ","927,963,846 ","15,989,165 ",1.72,43.4,42.8,0.6,17.7,38.9,43.03 ,55,"11,248 ","5,214 ",967 ,5,185,4,"1,009 ","1,661 "
B10K-DU-002-70,Pelecaniformes,Scopidae,Scopus umbretta,"10,887 ","27,267 ","658,718 ","30,689 ","9,361 ","514,647 ","1,131,601,075 ","13,797,959 ",1.22,67.7,66.9,0.8,14.3,18,41.90 ,54,"13,682 ","8,007 ","1,076 ",6,178,5,"1,376 ","1,676 "
B10K-DU-002-71,Passeriformes,Pomatostomidae,Pomatostomus ruficeps,"24,315 ","10,809 ","330,998 ","70,147 ","3,289 ","240,144 ","1,036,222,519 ","8,047,288 ",0.78,82.2,81.2,1,8.6,9.2,42.69 ,43,"15,003 ","10,759 ","1,166 ",6,168,5,"1,618 ","1,584 "
B10K-DU-002-79,Passeriformes,Philepittidae,Neodrepanis coruscans,"3,832 ","46,581 ","1,159,276 ","16,160 ","14,803 ","821,695 ","1,090,578,492 ","170,168,725 ",15.6,46.9,46.7,0.2,16.9,36.2,41.66 ,46,"9,909 ","6,232 ",899 ,4,182,3,"1,360 ","1,635 "
B10K-DU-002-81,Passeriformes,Bernieridae,Oxylabes madagascariensis,"2,013 ","79,889 ","1,392,117 ","14,842 ","17,352 ","840,106 ","1,262,615,937 ","277,493,774 ",21.98,47.3,47,0.3,18.5,34.2,42.26 ,40,"10,558 ","6,723 ",887 ,5,177,4,"1,455 ","1,719 "
B10K-DU-002-82,Passeriformes,Vangidae,Mystacornis crossleyi,"6,805 ","35,764 ","733,196 ","34,921 ","8,033 ","438,584 ","1,143,112,041 ","108,256,840 ",9.47,61.4,61,0.4,16.5,22.1,42.57 ,45,"12,061 ","8,576 ",973 ,5,175,4,"1,677 ","1,726 "
B10K-DU-002-83,Passeriformes,Passeridae,Hypocryptadius cinnamomeus,"14,599 ","14,781 ","767,951 ","34,905 ","5,962 ","646,058 ","915,564,513 ","11,939,297 ",1.3,71.8,70.8,1,10.6,17.6,42.67 ,53,"13,983 ","8,245 ","1,087 ",6,171,5,"1,337 ","1,619 "
B10K-DU-003-06,Passeriformes,Furnariidae,Furnarius figulus,"48,381 ","5,470 ","55,905 ","696,622 ",345 ,"7,714 ","1,020,034,629 ","19,524,199 ",1.91,92.2,91.3,0.9,4.5,3.3,41.87 ,72,"15,632 ","16,044 ","1,319 ",7,165,6,"2,115 ","1,488 "
B10K-DU-003-16,Passeriformes,Pipromorphidae,Mionectes macconnelli,"61,519 ","4,739 ","38,024 ","1,649,241 ",167 ,"4,538 ","1,042,003,338 ","15,558,300 ",1.49,94.1,93.2,0.9,3.4,2.5,41.93 ,73,"15,817 ","17,028 ","1,365 ",7,171,6,"2,242 ","1,524 "
B10K-DU-003-42,Pterocliformes,Pteroclidae,Syrrhaptes paradoxus,"16,141 ","18,019 ","501,629 ","81,615 ","3,525 ","395,544 ","1,126,467,027 ","22,783,208 ",2.02,77.1,76.2,0.9,11.1,11.8,42.47 ,65,"15,021 ","10,961 ","1,155 ",6,178,5,"1,789 ","1,821 "
B10K-DU-003-44,Cuculiformes,Cuculidae,Crotophaga sulcirostris,"73,496 ","4,158 ","33,888 ","1,745,006 ",172 ,"4,068 ","1,077,966,476 ","22,228,815 ",2.06,94.3,93.4,0.9,3.6,2.1,41.38 ,55,"15,441 ","18,275 ","1,394 ",8,170,7,"2,355 ","1,605 "
B10K-DU-004-15,Passeriformes,Platyrinchidae,Neopipo cinnamomea,"32,529 ","8,741 ","72,874 ","496,293 ",493 ,"11,127 ","1,046,035,351 ","24,539,478 ",2.35,91.5,90.3,1.2,4.4,4.1,41.99 ,72,"15,762 ","14,959 ","1,306 ",7,168,6,"2,028 ","1,484 "
B10K-DU-005-01,Caprimulgiformes,Caprimulgidae,Nyctiprogne leucopyga,"25,117 ","11,509 ","91,351 ","191,646 ","1,500 ","18,787 ","1,115,562,280 ","42,868,866 ",3.84,81.5,80.7,0.8,9.5,9,41.84 ,62,"15,119 ","14,594 ","1,247 ",7,170,6,"2,112 ","1,562 "
B10K-DU-005-73,Charadriiformes,Scolopacidae,Arenaria interpres,"33,651 ","8,965 ","179,180 ","179,026 ","1,627 ","99,114 ","1,131,680,239 ","10,102,468 ",0.89,88.7,87.9,0.8,6.5,4.8,42.15 ,40,"15,442 ","14,971 ","1,293 ",7,167,6,"2,034 ","1,576 "
B10K-DU-005-78,Falconiformes,Falconidae,Herpetotheres cachinnans,"53,035 ","6,589 ","40,759 ","1,838,759 ",188 ,"2,770 ","1,175,301,041 ","12,479,774 ",1.06,94.5,93.6,0.9,3.3,2.2,41.92 ,66,"16,033 ","18,886 ","1,387 ",8,169,7,"2,443 ","1,563 "
B10K-DU-006-06,Columbiformes,Columbidae,Alopecoenas beccarii,"47,235 ","6,827 ","252,756 ","664,319 ",458 ,"204,001 ","1,134,020,998 ","6,115,318 ",0.54,92.1,91,1.1,4.4,3.5,41.96 ,64,"16,220 ","16,744 ","1,357 ",7,171,6,"2,224 ","1,730 "
B10K-DU-006-09,Procellariiformes,Oceanitidae,Fregetta grallaria,"13,625 ","22,013 ","147,678 ","345,486 ",927 ,"16,427 ","1,173,327,650 ","58,371,863 ",4.97,89.1,88.1,1,6.4,4.5,41.94 ,59,"15,728 ","15,834 ","1,309 ",7,172,6,"2,209 ","1,629 "
B10K-DU-006-20,Charadriiformes,Rostratulidae,Rostratula benghalensis,"62,805 ","4,922 ","39,299 ","3,413,031 ",85 ,"3,501 ","1,103,099,587 ","12,212,043 ",1.11,94.3,93.1,1.2,3.5,2.2,41.98 ,67,"15,820 ","18,549 ","1,403 ",8,171,7,"2,385 ","1,579 "
B10K-DU-007-02,Passeriformes,Pipritidae,Piprites chloris,"52,279 ","5,987 ","37,849 ","3,588,788 ",83 ,"2,144 ","1,054,013,238 ","10,878,190 ",1.03,94.6,93.7,0.9,3.1,2.3,41.57 ,75,"15,880 ","18,421 ","1,378 ",8,164,7,"2,308 ","1,387 "
B10K-DU-007-40,Trogoniformes,Trogonidae,Trogon melanurus,"45,813 ","6,890 ","45,798 ","601,254 ",491 ,"5,781 ","1,107,861,811 ","21,363,771 ",1.93,93.8,92.8,1,3.6,2.6,42.33 ,69,"15,696 ","17,601 ","1,378 ",8,170,7,"2,289 ","1,498 "
B10K-DU-007-42,Accipitriformes,Accipitridae,Spizaetus tyrannus,"53,203 ","6,442 ","42,969 ","1,693,768 ",208 ,"3,273 ","1,184,689,177 ","12,582,960 ",1.06,94.3,93.3,1,3.4,2.3,41.54 ,57,"16,155 ","19,348 ","1,389 ",8,167,7,"2,454 ","1,536 "
B10K-DU-008-47,Cuculiformes,Cuculidae,Piaya cayana,"18,301 ","16,698 ","396,683 ","130,096 ","2,268 ","292,329 ","1,172,638,202 ","18,383,313 ",1.57,85.8,84.8,1,8.1,6.1,41.81 ,64,"15,461 ","13,920 ","1,243 ",7,174,6,"2,067 ","1,765 "
B10K-DU-008-62,Caprimulgiformes,Caprimulgidae,Chordeiles acutipennis,"33,839 ","9,596 ","69,528 ","667,267 ",448 ,"9,469 ","1,172,540,830 ","30,069,150 ",2.56,93.5,92.5,1,3.8,2.7,41.12 ,67,"15,679 ","18,107 ","1,374 ",8,171,7,"2,390 ","1,557 "
B10K-DU-008-63,Strigiformes,Strigidae,Glaucidium brasilianum,"66,522 ","5,105 ","35,701 ","1,728,057 ",183 ,"3,529 ","1,170,145,796 ","14,589,603 ",1.25,94.6,93.8,0.8,3.3,2.1,41.19 ,69,"15,809 ","19,007 ","1,395 ",8,170,7,"2,451 ","1,522 "
B10K-DU-009-04,Podicipiformes,Podicipedidae,Podilymbus podiceps,"28,933 ","12,002 ","70,870 ","723,531 ",461 ,"5,985 ","1,197,116,647 ","28,885,035 ",2.41,93.3,92.5,0.8,4.3,2.4,42.08 ,67,"15,878 ","18,335 ","1,380 ",8,170,7,"2,396 ","1,505 "
B10K-DU-009-16,Charadriiformes,Laridae,Phaetusa simplex,"13,978 ","22,905 ","140,366 ","531,935 ",618 ,"13,693 ","1,151,735,390 ","50,287,256 ",4.37,89.6,88.8,0.8,5.7,4.7,42.55 ,48,"15,243 ","17,350 ","1,350 ",7,172,6,"2,345 ","1,605 "
B10K-DU-009-59,Passeriformes,Macrosphenidae,Sylvietta virens,"27,507 ","10,679 ","69,143 ","2,642,593 ",93 ,"4,612 ","1,028,067,230 ","20,546,338 ",2,93.3,92.3,1,3.6,3.1,42.01 ,55,"15,801 ","16,690 ","1,337 ",7,170,6,"2,240 ","1,632 "
B10K-DU-010-60,Accipitriformes,Accipitridae,Circaetus pectoralis,"23,678 ","14,347 ","84,576 ","1,335,465 ",260 ,"4,165 ","1,183,478,128 ","23,360,974 ",1.97,94.1,93.3,0.8,3.5,2.4,41.80 ,50,"16,057 ","18,741 ","1,378 ",8,170,7,"2,452 ","1,569 "
B10K-DU-011-20,Musophagiformes,Musophagidae,Corythaixoides concolor,"41,007 ","8,314 ","56,265 ","1,398,599 ",243 ,"6,352 ","1,187,754,183 ","22,112,837 ",1.86,93.9,92.9,1,3.6,2.5,41.73 ,63,"16,004 ","18,454 ","1,385 ",8,171,7,"2,403 ","1,579 "
B10K-DU-011-36,Anseriformes,Anhimidae,Chauna torquata,"24,787 ","12,273 ","243,400 ","231,212 ","1,360 ","96,439 ","1,171,074,192 ","32,275,565 ",2.76,87,86.1,0.9,6.5,6.5,41.69 ,45,"15,311 ","15,405 ","1,292 ",7,171,6,"2,161 ","1,433 "
B10K-DU-011-38,Accipitriformes,Sagittariidae,Sagittarius serpentarius,"23,119 ","13,429 ","267,083 ","126,998 ","2,280 ","156,714 ","1,152,594,282 ","11,921,063 ",1.03,76.6,76,0.6,9.7,13.7,42.45 ,39,"14,586 ","13,367 ","1,217 ",7,169,6,"1,967 ","1,461 "
B10K-DU-011-42,Passeriformes,Remizidae,Anthoscopus minutus,"34,250 ","7,700 ","399,694 ","103,235 ","2,116 ","316,153 ","1,008,666,037 ","8,180,865 ",0.81,85.1,84.1,1,7,7.9,41.71 ,55,"15,385 ","11,374 ","1,199 ",7,167,6,"1,651 ","1,568 "
B10K-DU-011-47,Gruiformes,Rallidae,Zapornia atra,"31,477 ","9,484 ","200,322 ","132,838 ","2,081 ","120,944 ","1,127,645,010 ","10,184,004 ",0.9,84.4,83.7,0.7,9.2,6.4,42.95 ,45,"14,887 ","14,370 ","1,262 ",7,168,6,"2,023 ","1,506 "
B10K-DU-012-02,Passeriformes,Buphagidae,Buphagus erythrorhynchus,"8,230 ","27,874 ","919,569 ","34,573 ","7,382 ","638,016 ","1,092,204,515 ","107,413,478 ",9.83,65.8,65.1,0.7,15.7,18.5,41.87 ,50,"12,742 ","8,154 ",989 ,5,175,4,"1,542 ","1,769 "
B10K-DU-012-10,Passeriformes,Ptilonorhynchidae,Ptilonorhynchus violaceus,"71,617 ","4,056 ","97,590 ","1,215,016 ",232 ,"49,977 ","1,061,548,254 ","8,142,406 ",0.77,94.4,93.4,1,3.4,2.2,42.13 ,46,"15,970 ","17,486 ","1,338 ",8,163,7,"2,249 ","1,487 "
B10K-DU-012-14,Charadriiformes,Chionidae,Pluvianellus socialis,"29,914 ","11,156 ","191,906 ","120,899 ","2,707 ","106,680 ","1,193,222,825 ","13,857,775 ",1.16,89.5,88.8,0.7,7,3.5,42.62 ,48,"15,803 ","14,364 ","1,262 ",7,170,6,"2,049 ","1,707 "
B10K-DU-012-30,Passeriformes,Eupetidae,Picathartes gymnocephalus,"28,525 ","9,610 ","324,157 ","108,162 ","2,098 ","200,811 ","1,060,867,557 ","45,252,160 ",4.27,85.2,84.2,1,7,7.8,42.08 ,53,"15,225 ","11,317 ","1,205 ",6,172,5,"1,691 ","1,593 "
B10K-DU-012-37,Bucerotiformes,Upupidae,Upupa epops,"25,894 ","10,300 ","154,054 ","226,382 ","1,097 ","74,719 ","977,986,278 ","11,469,034 ",1.17,89.9,89,0.9,6.3,3.8,44.22 ,49,"15,293 ","15,263 ","1,332 ",8,165,7,"1,983 ","1,433 "
B10K-DU-012-38,Passeriformes,Urocynchramidae,Urocynchramus pylzowi,"32,855 ","9,246 ","119,726 ","1,009,277 ",287 ,"45,012 ","1,034,983,446 ","11,828,142 ",1.14,94.4,93.5,0.9,3.4,2.2,41.67 ,59,"15,730 ","17,599 ","1,338 ",8,163,7,"2,262 ","1,463 "
B10K-DU-012-41,Passeriformes,Eupetidae,Chaetops frenatus,"17,761 ","14,954 ","387,663 ","243,381 ","1,048 ","190,320 ","1,082,118,371 ","43,772,565 ",4.05,88.4,87.4,1,5.8,5.8,41.85 ,42,"15,230 ","13,682 ","1,253 ",7,171,6,"1,964 ","1,560 "
B10K-DU-012-45,Procellariiformes,Procellariidae,Pelecanoides urinatrix,"36,700 ","9,017 ","252,827 ","248,435 ","1,364 ","183,417 ","1,222,324,629 ","7,103,633 ",0.58,91.9,90.7,1.2,5.4,2.7,41.87 ,81,"16,458 ","15,923 ","1,302 ",7,171,6,"2,220 ","1,747 "
B10K-DU-012-46,Passeriformes,Prunellidae,Prunella fulvescens,"14,430 ","18,587 ","413,150 ","118,479 ","2,273 ","191,539 ","1,060,009,018 ","53,384,495 ",5.04,85.5,84.4,1.1,7.4,7.1,41.88 ,49,"15,191 ","12,641 ","1,212 ",7,171,6,"1,882 ","1,615 "
B10K-DU-012-47,Passeriformes,Sittidae,Tichodroma muraria,"9,870 ","21,583 ","772,330 ","27,485 ","6,708 ","578,875 ","965,145,490 ","54,023,572 ",5.6,62.3,61.6,0.7,10.7,27,42.64 ,52,"13,136 ","7,999 ","1,092 ",6,177,5,"1,336 ","1,579 "
B10K-DU-012-52,Coraciiformes,Brachypteraciidae,Brachypteracias leptosomus,"22,474 ","11,605 ","385,807 ","127,905 ","1,981 ","186,452 ","1,141,948,106 ","68,346,026 ",5.99,85.3,84.4,0.9,6.7,8,41.86 ,62,"15,087 ","12,948 ","1,242 ",7,173,6,"1,903 ","1,579 "
B10K-DU-012-55,Charadriiformes,Dromadidae,Dromas ardeola,"32,770 ","9,982 ","190,420 ","311,185 ","1,026 ","71,618 ","1,197,458,935 ","42,571,444 ",3.56,91,90.2,0.8,5.1,3.9,42.15 ,44,"15,604 ","16,480 ","1,312 ",7,170,6,"2,265 ","1,559 "
B10K-DU-012-56,Pelecaniformes,Balaenicipitidae,Balaeniceps rex,"16,856 ","15,556 ","713,392 ","57,167 ","5,014 ","425,162 ","1,226,406,357 ","117,480,276 ",9.58,65.8,65.2,0.6,10.9,23.3,42.55 ,49,"13,870 ","10,513 ","1,105 ",6,177,5,"1,801 ","1,631 "
B10K-DU-012-58,Accipitriformes,Pandionidae,Pandion haliaetus,"15,221 ","19,897 ","440,491 ","100,617 ","2,824 ","260,671 ","1,172,354,218 ","21,616,249 ",1.84,69.4,69,0.4,11.4,19.2,41.84 ,46,"14,415 ","12,188 ","1,177 ",6,176,5,"1,935 ","1,598 "
B10K-DU-012-65,Gruiformes,Gruidae,Grus americana,"25,213 ","12,711 ","204,430 ","263,770 ","1,208 ","87,503 ","1,163,123,261 ","13,059,492 ",1.12,84.7,83.8,0.9,7.9,7.4,41.96 ,45,"15,511 ","15,294 ","1,286 ",7,173,6,"2,178 ","1,573 "
B10K-DU-012-80,Bucerotiformes,Bucerotidae,Bucorvus abyssinicus,"100,552 ","3,176 ","56,386 ","1,077,579 ",263 ,"29,128 ","1,104,632,781 ","4,297,570 ",0.39,94.6,93.5,1.1,3.2,2.2,43.01 ,93,"16,045 ","18,434 ","1,394 ",8,169,7,"2,353 ","1,512 "
B10K-DU-013-18,Passeriformes,Prunellidae,Prunella himalayana,"32,414 ","8,930 ","63,857 ","1,828,627 ",160 ,"5,620 ","1,024,611,613 ","24,915,420 ",2.43,93.6,92.7,0.9,3.7,2.7,41.67 ,74,"15,840 ","16,583 ","1,336 ",7,170,6,"2,226 ","1,573 "
B10K-DU-013-51,Coraciiformes,Alcedinidae,Ceyx cyanopectus,"6,511 ","32,456 ","828,459 ","23,877 ","8,972 ","617,116 ","1,152,161,797 ","89,914,676 ",7.8,69,68.3,0.7,13.4,17.6,42.46 ,70,"13,297 ","8,949 ","1,035 ",5,178,4,"1,645 ","2,018 "
B10K-DU-015-11,Passeriformes,Emberizidae,Emberiza fucata,"16,757 ","16,239 ","115,556 ","911,827 ",272 ,"11,181 ","1,032,605,053 ","41,748,906 ",4.04,91.4,90.6,0.8,4.9,3.7,42.02 ,57,"15,442 ","15,917 ","1,308 ",7,171,6,"2,211 ","1,546 "
B10K-DU-015-28,Passeriformes,Plectrophenacidae,Calcarius ornatus,"46,130 ","5,971 ","67,712 ","1,242,950 ",219 ,"10,665 ","1,056,317,178 ","42,543,262 ",4.03,92.2,91.3,0.9,4.4,3.4,42.01 ,73,"15,741 ","16,449 ","1,312 ",7,171,6,"2,271 ","1,603 "
B10K-DU-017-21,Cuculiformes,Cuculidae,Centropus bengalensis,"28,614 ","9,736 ","76,670 ","1,200,966 ",232 ,"9,410 ","1,015,677,088 ","23,793,146 ",2.34,92,91,1,4.6,3.4,42.12 ,56,"15,303 ","16,825 ","1,336 ",7,171,6,"2,286 ","1,541 "
B10K-DU-017-25,Cuculiformes,Cuculidae,Centropus unirufus,"66,277 ","4,389 ","38,251 ","2,073,288 ",137 ,"4,898 ","1,048,838,741 ","19,517,637 ",1.86,94.2,93.2,1,3.4,2.4,42.04 ,56,"15,493 ","18,097 ","1,391 ",8,171,7,"2,348 ","1,561 "
B10K-DU-017-47,Psittaciformes,Cacatuidae,Probosciger aterrimus,"29,244 ","9,233 ","77,691 ","199,564 ","1,469 ","14,501 ","1,061,685,338 ","31,014,402 ",2.92,87.9,86.6,1.3,6.9,5.2,41.69 ,105,"15,791 ","14,667 ","1,289 ",7,167,6,"2,003 ","1,509 "
B10K-DU-021-26,Columbiformes,Columbidae,Columbina picui,"22,140 ","12,788 ","115,887 ","616,882 ",441 ,"13,409 ","1,097,921,518 ","74,974,490 ",6.83,87.5,86.6,0.9,6.2,6.3,41.16 ,73,"14,465 ","17,721 ","1,332 ",7,172,6,"2,441 ","1,589 "
B10K-DU-021-33,Charadriiformes,Laridae,Chroicocephalus maculipennis,"33,562 ","9,035 ","76,397 ","478,205 ",672 ,"11,588 ","1,151,148,263 ","26,190,310 ",2.28,89.1,88.3,0.8,5.7,5.2,42.70 ,52,"15,643 ","16,464 ","1,315 ",7,173,6,"2,305 ","1,709 "
B10K-DU-023-52,Passeriformes,Passerellidae,Spizella passerina,"4,142 ","46,239 ","1,390,447 ","10,570 ","20,357 ","1,248,106 ","1,105,792,988 ","64,051,761 ",5.79,50.4,49.7,0.7,17.2,32.4,42.75 ,71,"10,403 ","5,998 ",878 ,4,185,3,"1,371 ","1,992 "
B10K-DU-024-03,Coraciiformes,Alcedinidae,Halcyon senegalensis,"82,546 ","3,918 ","32,323 ","2,092,632 ",146 ,"3,682 ","1,137,737,933 ","18,340,161 ",1.61,94.7,93.8,0.9,3.2,2.1,42.12 ,68,"15,834 ","18,777 ","1,397 ",8,170,7,"2,422 ","1,581 "
B10K-DU-025-06,Psittaciformes,Cacatuidae,Eolophus roseicapilla,"17,831 ","15,443 ","116,495 ","439,985 ",618 ,"14,265 ","1,065,379,040 ","44,224,686 ",4.15,88.4,87.3,1.1,5.7,5.9,41.79 ,55,"15,416 ","15,730 ","1,334 ",7,172,6,"2,143 ","1,544 "
B10K-DU-027-49,Pterocliformes,Pteroclidae,Pterocles burchelli,"38,837 ","8,076 ","55,191 ","594,480 ",440 ,"6,903 ","1,101,016,664 ","26,652,571 ",2.42,94.1,93.2,0.9,3.3,2.6,41.85 ,74,"15,528 ","17,149 ","1,368 ",7,171,6,"2,264 ","1,566 "
B10K-DU-028-75,Passeriformes,Onychorhynchidae,Onychorhynchus coronatus,"79,842 ","3,771 ","31,811 ","3,110,499 ",98 ,"3,365 ","1,072,515,626 ","11,002,290 ",1.03,94.4,93.3,1.1,3.3,2.3,41.86 ,71,"16,004 ","17,405 ","1,372 ",8,170,7,"2,270 ","1,517 "
B10K-DU-029-24,Procellariiformes,Diomedeidae,Thalassarche chlororhynchos,"17,782 ","15,487 ","458,129 ","45,184 ","5,354 ","340,786 ","1,117,857,727 ","12,123,218 ",1.08,62.3,61.8,0.5,12,25.7,41.96 ,45,"13,347 ","10,028 ","1,109 ",6,174,5,"1,666 ","1,496 "
B10K-DU-029-28,Pelecaniformes,Anhingidae,Anhinga rufa,"9,012 ","28,421 ","843,346 ","15,661 ","16,650 ","641,645 ","1,069,512,267 ","78,878,173 ",7.38,51.4,50.8,0.6,13.9,34.7,42.39 ,48,"11,783 ","5,975 ","1,000 ",5,182,4,"1,113 ","1,541 "
B10K-DU-029-32,Passeriformes,Orthonychidae,Orthonyx spaldingii,"60,337 ","5,020 ","74,138 ","1,307,312 ",220 ,"31,247 ","1,037,238,225 ","7,198,120 ",0.69,94.7,93.9,0.8,3.2,2.1,42.04 ,46,"16,069 ","17,743 ","1,356 ",8,164,7,"2,260 ","1,560 "
B10K-DU-029-33,Passeriformes,Corcoracidae,Struthidea cinerea,"54,583 ","5,624 ","73,591 ","1,098,961 ",257 ,"27,475 ","1,044,276,834 ","8,212,211 ",0.79,94.8,94,0.8,3.1,2.1,42.40 ,45,"16,050 ","17,598 ","1,345 ",8,164,7,"2,262 ","1,512 "
B10K-DU-029-36,Passeriformes,Oreoicidae,Aleadryas rufinucha,"39,582 ","7,695 ","126,105 ","366,232 ",774 ,"67,323 ","1,054,488,611 ","7,580,183 ",0.72,92.4,91.5,0.9,4.6,3,42.17 ,45,"15,505 ","16,271 ","1,304 ",7,168,6,"2,226 ","1,572 "
B10K-DU-029-37,Passeriformes,Melanocharitidae,Melanocharis versteri,"54,111 ","5,408 ","127,754 ","846,304 ",323 ,"71,586 ","1,037,045,325 ","7,276,672 ",0.7,94,93.1,0.9,3.8,2.2,42.39 ,54,"15,886 ","17,231 ","1,330 ",8,163,7,"2,235 ","1,535 "
B10K-DU-029-38,Passeriformes,Cnemophilidae,Cnemophilus loriae,"66,572 ","4,391 ","129,665 ","1,419,201 ",203 ,"79,172 ","1,051,718,590 ","7,795,155 ",0.74,94.6,93.6,1,3.4,2,42.22 ,46,"16,143 ","17,715 ","1,343 ",8,164,7,"2,277 ","1,495 "
B10K-DU-029-39,Passeriformes,Eulacestomatidae,Eulacestoma nigropectus,"59,637 ","5,161 ","70,474 ","1,159,056 ",237 ,"29,354 ","1,042,794,322 ","7,399,406 ",0.71,95.1,94.2,0.9,2.9,2,42.17 ,44,"16,257 ","17,631 ","1,344 ",8,164,7,"2,269 ","1,554 "
B10K-DU-029-40,Passeriformes,Rhagologidae,Rhagologus leucostigma,"81,347 ","3,689 ","65,737 ","1,433,848 ",204 ,"27,236 ","1,047,313,563 ","6,451,268 ",0.62,95.2,94.4,0.8,3,1.8,42.29 ,49,"16,219 ","17,739 ","1,339 ",8,164,7,"2,292 ","1,577 "
B10K-DU-029-41,Passeriformes,Ifritidae,Ifrita kowaldi,"50,457 ","6,040 ","102,194 ","422,651 ",697 ,"55,465 ","1,045,335,582 ","5,790,636 ",0.55,93.3,92.4,0.9,4.2,2.5,42.26 ,51,"15,755 ","16,669 ","1,311 ",7,168,6,"2,259 ","1,605 "
B10K-DU-029-42,Passeriformes,Paramythiidae,Oreocharis arfaki,"57,021 ","5,345 ","98,650 ","636,482 ",453 ,"57,466 ","1,043,421,782 ","7,551,811 ",0.72,93.6,92.6,1,4,2.4,42.46 ,45,"15,660 ","17,210 ","1,331 ",7,169,6,"2,310 ","1,618 "
B10K-DU-029-43,Passeriformes,Machaerirhynchidae,Machaerirhynchus nigripectus,"45,802 ","6,475 ","115,420 ","996,709 ",297 ,"53,113 ","1,048,924,094 ","9,573,369 ",0.91,94.2,93.3,0.9,3.6,2.2,42.42 ,44,"15,988 ","17,300 ","1,336 ",8,164,7,"2,235 ","1,478 "
B10K-DU-029-44,Passeriformes,Maluridae,Malurus elegans,"38,727 ","7,256 ","140,174 ","456,005 ",579 ,"73,876 ","1,018,323,335 ","9,854,249 ",0.97,92.5,91.6,0.9,4.5,3,41.90 ,52,"15,750 ","16,095 ","1,313 ",7,169,6,"2,195 ","1,658 "
B10K-DU-029-46,Charadriiformes,Turnicidae,Turnix velox,"25,840 ","9,627 ","271,764 ","146,697 ","1,530 ","186,152 ","983,836,808 ","14,442,698 ",1.47,84.4,83.7,0.7,8.6,7,41.15 ,52,"14,371 ","14,463 ","1,287 ",7,171,6,"2,020 ","1,569 "
B10K-DU-029-47,Passeriformes,Neosittidae,Daphoenositta chrysoptera,"47,004 ","6,417 ","108,409 ","797,961 ",375 ,"55,298 ","1,038,372,177 ","8,811,229 ",0.85,94,93.1,0.9,3.7,2.3,42.17 ,54,"15,822 ","17,429 ","1,341 ",8,163,7,"2,240 ","1,495 "
B10K-DU-029-49,Passeriformes,Dasyornithidae,Dasyornis broadbenti,"48,018 ","6,372 ","80,471 ","1,409,288 ",193 ,"29,408 ","1,027,133,976 ","6,664,834 ",0.65,94.5,93.6,0.9,3.4,2.1,42.02 ,44,"16,344 ","17,438 ","1,344 ",8,164,7,"2,241 ","1,535 "
B10K-DU-029-50,Passeriformes,Meliphagidae,Grantiella picta,"57,376 ","5,180 ","92,423 ","1,131,194 ",252 ,"40,461 ","1,017,713,880 ","7,490,584 ",0.74,93.8,92.9,0.9,4,2.2,41.68 ,49,"16,031 ","16,292 ","1,337 ",7,169,6,"2,172 ","1,594 "
B10K-DU-029-51,Passeriformes,Pardalotidae,Pardalotus punctatus,"47,902 ","5,973 ","141,216 ","302,316 ",834 ,"95,020 ","1,038,095,782 ","6,807,400 ",0.66,90.4,89.5,0.9,5.7,3.9,41.85 ,47,"15,351 ","15,957 ","1,292 ",7,169,6,"2,216 ","1,620 "
B10K-DU-029-52,Passeriformes,Acanthizidae,Origma solitaria,"69,312 ","4,315 ","72,705 ","1,258,204 ",227 ,"30,267 ","1,035,754,644 ","8,139,009 ",0.79,94.5,93.7,0.8,3.4,2.1,42.11 ,47,"16,332 ","16,131 ","1,319 ",7,169,6,"2,183 ","1,691 "
B10K-DU-029-53,Passeriformes,Climacteridae,Climacteris rufus,"52,662 ","5,848 ","90,339 ","864,365 ",332 ,"38,497 ","1,061,977,697 ","10,873,082 ",1.02,94.2,93.2,1,3.4,2.4,41.93 ,45,"15,877 ","16,590 ","1,333 ",7,169,6,"2,217 ","1,558 "
B10K-DU-029-58,Eurypygiformes,Rhynochetidae,Rhynochetos jubatus,"39,933 ","8,011 ","104,777 ","962,318 ",318 ,"34,089 ","1,119,129,701 ","9,409,546 ",0.84,94.1,93.3,0.8,3.7,2.2,42.99 ,49,"15,331 ","19,226 ","1,390 ",8,169,7,"2,471 ","1,473 "
B10K-DU-029-61,Passeriformes,Atrichornithidae,Atrichornis clamosus,"81,692 ","3,662 ","101,499 ","146,885 ","2,031 ","85,575 ","1,054,828,706 ","1,487,789 ",0.14,93.2,92.3,0.9,4.6,2.2,42.17 ,95,"16,241 ","14,745 ","1,292 ",7,170,6,"2,045 ","1,753 "
B10K-DU-029-69,Passeriformes,Scotocercidae,Horornis vulcanius,"2,156 ","88,810 ","1,212,482 ","14,317 ","20,303 ","725,103 ","1,267,843,446 ","249,187,479 ",19.65,46.7,46.2,0.5,20.8,32.5,41.98 ,46,"11,544 ","5,578 ",855 ,4,179,3,"1,256 ","1,914 "
B10K-DU-029-75,Passeriformes,Notiomystidae,Notiomystis cincta,"30,510 ","9,543 ","131,938 ","153,112 ","1,820 ","67,088 ","1,028,912,833 ","9,655,592 ",0.94,91,90.2,0.8,5.5,3.5,42.10 ,43,"15,330 ","14,339 ","1,275 ",7,168,6,"1,990 ","1,532 "
B10K-DU-029-76,Caprimulgiformes,Aegothelidae,Aegotheles bennettii,"46,022 ","6,445 ","105,678 ","322,070 ",843 ,"53,892 ","1,092,772,212 ","12,961,654 ",1.19,91.8,91.2,0.6,4.8,3.4,41.64 ,45,"15,257 ","16,905 ","1,355 ",7,170,6,"2,229 ","1,483 "
B10K-DU-029-77,Passeriformes,Falcunculidae,Falcunculus frontatus,"88,125 ","3,446 ","140,727 ","1,180,174 ",242 ,"107,002 ","1,054,067,146 ","5,118,593 ",0.49,94.7,93.8,0.9,3.4,1.9,42.08 ,67,"16,189 ","16,621 ","1,332 ",7,170,6,"2,240 ","1,737 "
B10K-DU-029-80,Charadriiformes,Pedionomidae,Pedionomus torquatus,"20,657 ","15,200 ","256,708 ","250,648 ","1,171 ","127,742 ","1,146,101,394 ","18,738,036 ",1.63,90.9,90.2,0.7,5.9,3.2,41.81 ,41,"15,015 ","17,555 ","1,344 ",7,170,6,"2,347 ","1,502 "
B10K-DU-030-03,Passeriformes,Petroicidae,Drymodes brunneopygia,"38,538 ","7,016 ","350,119 ","431,101 ",587 ,"252,736 ","1,078,915,646 ","12,734,325 ",1.18,87.2,86.2,1,6.1,6.7,41.96 ,48,"15,469 ","14,592 ","1,279 ",7,171,6,"2,058 ","1,715 "
B10K-DU-030-18,Passeriformes,Panuridae,Panurus biarmicus,"16,227 ","15,011 ","103,771 ","122,995 ","1,784 ","25,727 ","919,095,039 ","64,285,903 ",6.99,81,79.5,1.5,8,11,42.82 ,109,"14,788 ","11,128 ","1,206 ",7,172,6,"1,651 ","1,512 "
B10K-DU-030-22,Passeriformes,Mohouidae,Mohoua ochrocephala,"40,335 ","7,017 ","170,769 ","205,272 ","1,325 ","105,765 ","1,046,366,822 ","11,009,487 ",1.05,91.5,90.5,1,5.1,3.4,42.87 ,35,"15,399 ","13,456 ","1,267 ",7,169,6,"1,882 ","1,542 "
B10K-DU-030-25,Charadriiformes,Haematopodidae,Ibidorhyncha struthersii,"33,142 ","10,153 ","181,989 ","504,771 ",648 ,"88,555 ","1,207,838,814 ","13,263,227 ",1.1,93.5,92.6,0.9,4.3,2.2,42.08 ,47,"15,745 ","18,476 ","1,363 ",8,169,7,"2,422 ","1,600 "
B10K-DU-030-41,Passeriformes,Sapayoidae,Sapayoa aenigma,"52,071 ","5,471 ","42,512 ","373,295 ",643 ,"9,858 ","1,015,953,747 ","22,187,354 ",2.18,90.4,89.3,1.1,5.2,4.4,41.71 ,94,"15,552 ","13,949 ","1,291 ",7,172,6,"1,948 ","1,592 "
B10K-DU-030-59,Coliiformes,Coliidae,Urocolius indicus,"47,619 ","6,314 ","131,630 ","262,916 ","1,164 ","82,749 ","1,115,727,993 ","9,580,919 ",0.86,91,90.1,0.9,5.9,3.1,41.58 ,89,"15,821 ","15,918 ","1,326 ",7,171,6,"2,169 ","1,576 "
B10K-Elachura-formosa,Passeriformes,Timaliidae,Elachura formosa,"35,386 ","7,692 ","59,508 ","1,206,722 ",190 ,"9,416 ","1,013,721,462 ","32,588,115 ",3.21,90.4,88.2,2.2,4.7,4.9,41.24 ,65,"15,723 ","16,351 ","1,333 ",7,172,6,"2,235 ","1,852 "
B10K-Eudromia-elegans,Tinamiformes,Tinamidae,Eudromia elegans,"63,613 ","4,220 ","32,855 ","6,275,819 ",50 ,"2,603 ","958,982,151 ","21,938,752 ",2.29,93.5,92.6,0.9,4.1,2.4,42.18 ,84,"15,099 ","16,878 ","1,420 ",8,169,7,"2,097 ","1,333 "
B10K-IZ-033-77,Passeriformes,Vireonidae,Pteruthius melanotis,"28,052 ","10,639 ","68,340 ","2,057,470 ",151 ,"5,518 ","1,046,412,600 ","17,620,196 ",1.68,92.6,91.3,1.3,3.4,4,42.38 ,52,"16,045 ","17,780 ","1,348 ",7,170,6,"2,377 ","1,810 "
B10K-IZ-033-78,Passeriformes,Irenidae,Chloropsis hardwickii,"34,970 ","8,151 ","68,216 ","590,204 ",459 ,"12,490 ","1,057,344,430 ","30,145,553 ",2.85,90.5,89.2,1.3,4.5,5,42.05 ,73,"15,620 ","16,607 ","1,311 ",7,171,6,"2,293 ","1,732 "
B10K-IZ-033-81,Passeriformes,Timaliidae,Pomatorhinus ruficollis,"51,603 ","5,564 ","61,525 ","1,275,398 ",217 ,"15,776 ","1,065,067,165 ","54,395,330 ",5.11,91.1,90.4,0.7,4.6,4.3,41.75 ,83,"14,992 ","17,978 ","1,306 ",7,170,6,"2,497 ","1,507 "
B10K-Nothocercus-julius,Tinamiformes,Tinamidae,Nothocercus julius,"32,724 ","8,714 ","59,384 ","4,059,565 ",65 ,"4,973 ","1,019,411,353 ","41,305,340 ",4.05,92.4,91.5,0.9,4.7,2.9,41.65 ,77,"15,037 ","17,306 ","1,405 ",8,169,7,"2,176 ","1,320 "
B10K-Nothocercus-nigrocapillus,Tinamiformes,Tinamidae,Nothocercus nigrocapillus,"26,881 ","10,501 ","69,714 ","2,648,942 ",106 ,"6,434 ","1,019,618,580 ","51,850,385 ",5.09,91.7,90.7,1,4.7,3.6,41.63 ,80,"14,795 ","17,298 ","1,401 ",8,169,7,"2,184 ","1,276 "
B10K-Nothoprocta-ornata,Tinamiformes,Tinamidae,Nothoprocta ornata,"39,355 ","6,907 ","49,406 ","3,960,636 ",77 ,"4,111 ","978,297,223 ","34,845,426 ",3.56,93.1,92,1.1,4.4,2.5,41.86 ,85,"15,225 ","16,620 ","1,411 ",8,169,7,"2,075 ","1,330 "
B10K-Nothoprocta-pentlandii,Tinamiformes,Tinamidae,Nothoprocta pentlandii,"37,304 ","7,281 ","48,271 ","1,104,275 ",247 ,"5,079 ","984,676,349 ","44,862,263 ",4.56,92.8,91.9,0.9,4.4,2.8,41.73 ,94,"14,819 ","17,031 ","1,416 ",8,169,7,"2,116 ","1,295 "
B10K-UC-030-51,Charadriiformes,Chionidae,Chionis minor,"55,587 ","6,226 ","87,853 ","596,430 ",545 ,"37,247 ","1,176,400,737 ","6,131,267 ",0.52,94.2,93.3,0.9,3.5,2.3,42.57 ,50,"15,834 ","18,051 ","1,366 ",8,170,7,"2,379 ","1,590 "
B10K-UC-030-53,Passeriformes,Promeropidae,Promerops cafer,"56,037 ","5,388 ","97,734 ","1,169,420 ",240 ,"51,358 ","1,046,782,811 ","7,986,987 ",0.76,94,93,1,3.7,2.3,42.05 ,55,"15,833 ","16,183 ","1,322 ",7,169,6,"2,191 ","1,583 "
NCBI-001,Galliformes,Phasianidae,Coturnix japonica,"259,559 ",993 ,"13,604 ","67,000,979 ",5 ,"2,012 ","927,656,957 ","10,397,704 ",1.12,94.6,93.5,1.1,3.2,2.2,41.28 ,73,"16,528 ","16,345 ","1,452 ",8,170,7,"1,978 ","1,525 "
NCBI-002,Passeriformes,Sturnidae,Sturnus vulgaris,"123,681 ","2,292 ","25,750 ","3,416,708 ",89 ,"2,361 ","1,036,755,994 ","23,939,528 ",2.31,94.9,93.6,1.3,2.9,2.2,41.49 ,74,"16,377 ","16,679 ","1,348 ",7,170,6,"2,219 ","1,587 "
NCBI-003,Passeriformes,Zosteropidae,Zosterops lateralis melanops,"22,849 ","13,099 ","82,093 ","3,581,248 ",83 ,"2,933 ","1,036,003,386 ","34,348,135 ",3.32,93.1,92.2,0.9,4.2,2.7,41.13 ,64,"15,251 ","16,522 ","1,334 ",7,167,6,"2,173 ","1,354 "
NCBI-004,Galliformes,Phasianidae,Meleagris gallopavo,"26,671 ","11,556 ","296,040 ","59,006,440 ",6 ,"231,285 ","1,128,339,136 ","35,294,427 ",3.13,90.5,89.5,1,5.4,4.1,41.47 ,35,"16,828 ","12,180 ","1,241 ",7,169,6,"1,727 ","1,569 "
NCBI-005,Apterygiformes,Apterygidae,Apteryx australis,"7,436 ","51,500 ","695,450 ","3,956,354 ",59 ,"326,828 ","1,595,295,449 ","213,327,420 ",13.37,91.7,90.4,1.3,4.2,4.1,41.49 ,37,"15,768 ","21,930 ","1,341 ",8,165,7,"2,902 ","1,569 "
NCBI-006,Falconiformes,Falconidae,Falco cherrug,"31,327 ","10,949 ","75,898 ","4,154,532 ",84 ,"5,863 ","1,174,811,715 ","23,817,946 ",2.03,93.8,92.9,0.9,3.9,2.3,41.71 ,147,"15,714 ","19,617 ","1,381 ",8,163,7,"2,449 ","1,379 "
NCBI-007,Passeriformes,Emberizidae,Zonotrichia albicollis,"104,087 ","2,580 ","47,477 ","4,866,725 ",52 ,"6,018 ","1,052,600,561 ","46,307,051 ",4.4,92.4,91.6,0.8,4.8,2.8,41.52 ,63,"14,644 ","18,955 ","1,342 ",8,162,7,"2,431 ","1,344 "
NCBI-008,Passeriformes,Pipridae,Lepidothrix coronata,"112,150 ","2,807 ","27,068 ","4,972,619 ",70 ,"4,612 ","1,079,577,334 ","22,384,553 ",2.07,94.2,93.1,1.1,3.4,2.4,41.74 ,61,"15,877 ","17,878 ","1,376 ",8,171,7,"2,345 ","1,534 "
NCBI-009,Anseriformes,Anatidae,Anser cygnoides,"27,608 ","11,638 ","91,844 ","5,202,740 ",64 ,"7,592 ","1,119,134,887 ","35,379,405 ",3.16,93.4,92.7,0.7,3.9,2.7,41.35 ,107.35,"14,845 ","19,098 ","1,403 ",8,167,7,"2,401 ","1,307 "
NCBI-010,Passeriformes,Parulidae,Setophaga coronata,"6,792 ","39,929 ","464,424 ","5,523,077 ",56 ,"154,686 ","1,171,929,618 ","125,947,048 ",10.75,87.5,86.4,1.1,7.7,4.8,41.76 ,96,"15,591 ","16,635 ","1,292 ",7,169,6,"2,322 ","1,625 "
NCBI-011,Galliformes,Phasianidae,Gallus gallus,"272,520 ",978 ,"27,486 ","82,363,669 ",5 ,"15,932 ","1,046,932,099 ","14,077,289 ",1.34,94.9,93.8,1.1,2.9,2.2,41.83 ,12,"17,883 ","16,965 ","1,414 ",8,170,7,"2,135 ","1,603 "
NCBI-012,Passeriformes,Muscicapidae,Ficedula albicollis,"351,202 ",910 ,"32,457 ","64,724,594 ",6 ,"21,428 ","1,118,343,587 ","16,019,705 ",1.43,,,,,,44.22 ,60,"15,863 ","18,335 ","1,348 ",8,167,7,"2,415 ","1,450 "
NCBI-013,Passeriformes,Estrildidae,Taeniopygia guttata,"38,644 ","8,015 ","124,805 ","62,374,962 ",7 ,"37,095 ","1,232,118,738 ","9,270,900 ",0.75,90.3,87.9,2.4,6,3.7,41.42 ,5.5,"19,174 ","14,786 ","1,196 ",7,166,6,"2,198 ","2,025 "
NCBI-014,Accipitriformes,Accipitridae,Aquila chrysaetos canadensis,"146,947 ","2,369 ","18,921 ","9,230,743 ",40 ,"1,142 ","1,192,743,076 ","12,708,611 ",1.07,95.3,94.3,1,2.8,1.9,41.81 ,88,"16,374 ","19,129 ","1,391 ",8,169,7,"2,468 ","1,580 "
NCBI-015,Charadriiformes,Scolopacidae,Calidris pugnax,"109,237 ","3,054 ","34,157 ","10,060,041 ",33 ,"3,753 ","1,229,094,286 ","46,140,523 ",3.75,95.1,93.4,1.7,3,1.9,42.45 ,113,"16,877 ","18,764 ","1,362 ",7,172,6,"2,515 ","1,778 "
NCBI-016,Galliformes,Phasianidae,Tympanuchus cupido,"47,484 ","5,869 ","59,797 ","12,138,678 ",23 ,"12,186 ","983,776,544 ","3,857,299 ",0.39,94.6,93.4,1.2,3.2,2.2,41.23 ,95,"16,440 ","17,272 ","1,434 ",8,170,7,"2,131 ","1,590 "
NCBI-017,Passeriformes,Paridae,Pseudopodoces humilis,"165,265 ","1,794 ","26,896 ","16,337,386 ",16 ,"5,405 ","1,042,980,823 ","12,967,196 ",1.24,95.6,94.5,1.1,2.7,1.7,41.69 ,96.25,"16,891 ","16,534 ","1,337 ",7,170,6,"2,226 ","1,675 "
NCBI-018,Passeriformes,Fringillidae,Serinus canaria,"53,379 ","5,385 ","345,625 ","17,815,079 ",13 ,"288,530 ","1,152,100,110 ","24,865,222 ",2.16,93.8,93,0.8,3.8,2.4,42.46 ,30,"16,419 ","15,989 ","1,289 ",7,167,6,"2,197 ","1,602 "
NCBI-019,Columbiformes,Columbidae,Patagioenas fasciata,"17,937 ","16,931 ","139,615 ","19,987,418 ",17 ,"9,784 ","1,089,149,042 ","16,246,789 ",1.49,93.5,92.7,0.8,4.2,2.3,41.55 ,18,"15,935 ","17,938 ","1,375 ",8,170,7,"2,345 ","1,605 "
NCBI-020,Passeriformes,Corvidae,Corvus cornix cornix,"94,489 ","2,945 ","25,988 ","21,080,102 ",14 ,113 ,"1,042,281,180 ","30,616,787 ",2.94,93.9,93.1,0.8,3.5,2.6,41.48 ,150,"14,165 ","18,109 ","1,377 ",8,166,7,"2,301 ","1,141 "
NCBI-021,Passeriformes,Passeridae,Passer domesticus,"51,426 ","5,263 ","50,329 ","68,733,010 ",6 ,"2,301 ","1,042,720,703 ","42,993,395 ",4.12,90.8,89.9,0.9,5.5,3.7,41.66 ,130,"15,707 ","18,389 ","1,360 ",8,164,7,"2,347 ","1,399 "
NCBI-022,Passeriformes,Paridae,Parus major,"132,905 ","2,088 ","26,284 ","71,365,269 ",5 ,"1,675 ","1,020,310,768 ","18,002,179 ",1.76,94.9,94,0.9,3.1,2,41.37 ,95,"15,792 ","18,524 ","1,373 ",8,164,7,"2,339 ","1,440 "
NCBI-024,Galliformes,Odontophoridae,Colinus virginianus,"56,067 ","5,091 ","152,524 ","2,042,136 ",150 ,"42,369 ","1,254,146,751 ","119,897,618 ",9.56,91.6,90.6,1,4.9,3.5,42.66 ,122,"17,243 ","15,070 ","1,360 ",7,173,6,"1,998 ","1,806 "
NCBI-025,Galliformes,Odontophoridae,Callipepla squamata,"154,132 ","1,950 ","59,456 ","1,035,259 ",278 ,"34,302 ","1,045,281,893 ","28,352,361 ",2.71,94.2,92.8,1.4,3.6,2.2,41.72 ,292,"17,070 ","15,625 ","1,402 ",8,172,7,"1,990 ","1,700 "
NCBI-026,Passeriformes,Thraupidae,Sporophila hypoxantha,"438,970 ",582 ,"24,619 ","7,965,281 ",31 ,"5,095 ","1,067,760,248 ","51,700,660 ",4.84,87.9,86.8,1.1,3.2,8.9,42.83 ,112,"15,739 ","16,610 ","1,292 ",7,169,6,"2,312 ","1,579 "
NCBI-027,Pelecaniformes,Phalacrocoracidae,Urile pelagicus,"28,337 ","12,098 ","117,253 ","1,719,903 ",195 ,"20,951 ","1,210,663,266 ","9,605,738 ",0.79,94.5,93.4,1.1,3.4,2.1,42.38 ,155.7,"16,792 ","18,690 ","1,377 ",8,170,7,"2,445 ","1,607 "
NCBI-028,Pelecaniformes,Phalacrocoracidae,Nannopterum auritus,"30,878 ","10,944 ","126,123 ","1,990,987 ",186 ,"27,523 ","1,246,050,644 ","12,138,145 ",0.97,94.9,93.4,1.5,3.1,2,42.55 ,222.8,"17,175 ","18,663 ","1,376 ",8,171,7,"2,453 ","1,638 "
NCBI-029,Pelecaniformes,Phalacrocoracidae,Nannopterum harrisi,"67,789 ","5,236 ","46,408 ","4,648,443 ",75 ,"2,651 ","1,202,994,831 ","10,601,546 ",0.88,95.5,94.4,1.1,2.8,1.7,42.46 ,195.29,"16,952 ","19,029 ","1,386 ",8,170,7,"2,473 ","1,655 "
NCBI-030,Pelecaniformes,Phalacrocoracidae,Nannopterum brasilianus,"8,905 ","33,559 ","524,575 ","86,910 ","3,071 ","266,364 ","1,346,185,690 ","10,984,124 ",0.82,84.5,82.9,1.6,8.7,6.8,42.54 ,170.99,"16,416 ","13,475 ","1,244 ",7,174,6,"1,991 ","1,871 "
NCBI-031,Passeriformes,Estrildidae,Lonchura striata,"75,189 ","3,952 ","39,839 ","2,953,339 ",103 ,"3,014 ","1,060,169,706 ","31,160,140 ",2.94,94.7,93.3,1.4,3.2,2.1,41.59 ,142,"16,828 ","16,452 ","1,325 ",7,170,6,"2,236 ","1,703 "
NCBI-032,Anseriformes,Anatidae,Anas zonorhyncha,"33,329 ","9,076 ","141,038 ","2,077,029 ",152 ,"20,089 ","1,310,797,575 ","131,511,522 ",10.03,90.6,88.3,2.3,5.8,3.6,41.89 ,220,"18,401 ","16,685 ","1,324 ",7,173,6,"2,313 ","1,994 "
NCBI-033,Passeriformes,Phylloscopidae,Phylloscopus trochilus,"210,543 ","1,352 ","21,853 ","3,249,743 ",77 ,"5,995 ","1,066,518,484 ","18,644,600 ",1.75,93.7,92.8,0.9,3.5,2.8,41.96 ,130,"16,318 ","16,898 ","1,336 ",7,171,6,"2,297 ","1,724 "
NCBI-034,Passeriformes,Muscicapidae,Saxicola maurus,"146,240 ","1,900 ","24,176 ","10,017,221 ",24 ,"2,819 ","1,015,875,226 ","24,422,282 ",2.4,94.3,93.2,1.1,3.3,2.4,41.60 ,,"16,286 ","16,540 ","1,343 ",7,171,6,"2,220 ","1,614 "
NCBI-035,Charadriiformes,Alcidae,Uria lomvia,"22,064 ","14,580 ","127,168 ","15,847,591 ",23 ,"9,327 ","1,179,358,714 ","25,978,166 ",2.2,94.9,93.8,1.1,3.1,2,42.42 ,68,"16,266 ","19,483 ","1,404 ",8,170,7,"2,505 ","1,609 "
NCBI-036,Strigiformes,Strigidae,Strix occidentalis caurina,"51,301 ","7,054 ","65,083 ","3,983,020 ",92 ,"8,108 ","1,255,541,132 ","13,782,675 ",1.1,94.9,93.8,1.1,2.9,2.2,41.77 ,59.3,"17,054 ","18,683 ","1,374 ",7,172,6,"2,478 ","1,729 "
NCBI-037,Anseriformes,Anatidae,Anas platyrhynchos,"38,590 ","7,786 ","123,546 ","2,490,036 ",124 ,"18,550 ","1,265,073,014 ","95,195,785 ",7.52,94.2,91.5,2.7,3.6,2.2,41.89 ,60,"18,391 ","16,533 ","1,332 ",7,173,6,"2,271 ","1,970 "
OUT-0001,Psittaciformes,Psittaculidae,Agapornis roseicollis,"17,580 ","17,924 ","536,881 ","111,909 ","2,852 ","433,803 ","1,170,382,572 ","18,361,966 ",1.57,89,87.8,1.2,7.2,3.8,41.90 ,100,"15,957 ","13,922 ","1,287 ",7,167,6,"1,892 ","1,649 "
OUT-0002,Caprimulgiformes,Trochilidae,Oreotrochilus melanogaster,"6,729 ","43,397 ","479,702 ","163,435 ","1,906 ","249,398 ","1,132,553,386 ","142,370,785 ",12.57,81,80.4,0.6,11.7,7.3,40.60 ,50,"13,940 ","16,453 ","1,315 ",8,162,7,"2,138 ","1,128 "
OUT-0003,Charadriiformes,Alcidae,Alca torda,"24,869 ","13,341 ","187,595 ","239,357 ","1,291 ","93,234 ","1,168,531,553 ","9,807,733 ",0.84,90.9,90,0.9,5.6,3.5,42.37 ,47,"15,606 ","16,705 ","1,276 ",7,165,6,"2,302 ","1,596 "
OUT-0004,Caprimulgiformes,Steatornithidae,Steatornis caripensis,"18,176 ","19,018 ","331,373 ","304,147 ","1,143 ","197,099 ","1,241,087,089 ","30,264,898 ",2.44,92.7,91.5,1.2,4.5,2.8,42.78 ,57,"16,244 ","16,733 ","1,312 ",7,171,6,"2,315 ","1,644 "
OUT-0007,Columbiformes,Columbidae,Caloenas nicobarica,"72,340 ","4,147 ","36,988 ","20,885,367 ",16 ,"3,686 ","1,025,562,333 ","7,024,945 ",0.68,88.4,87.5,0.9,5.4,6.2,41.89 ,52,"15,631 ","19,346 ","1,393 ",8,165,7,"2,425 ","1,575 "
OUT-0008,Passeriformes,Emberizidae,Melospiza melodia,"135,933 ","2,256 ","21,134 ","9,239,070 ",32 ,"6,043 ","1,061,250,996 ","2,656,214 ",0.25,92.9,91.9,1,4.5,2.6,42.32 ,368,"16,973 ","16,085 ","1,297 ",7,168,6,"2,210 ","1,578 "
OUT-0010,Passeriformes,Thamnophilidae,Rhegmatorhina hoffmannsi,"73,812 ","3,419 ","40,871 ","11,805,716 ",25 ,"2,328 ","951,650,392 ","4,164,667 ",0.44,89.7,88.9,0.8,3.9,6.4,41.68 ,151,"13,933 ","17,756 ","1,365 ",8,170,7,"2,337 ","1,369 "
OUT-0011,Passeriformes,Fringillidae,Loxia curvirostra,"83,782 ","3,543 ","101,712 ","3,107,915 ",91 ,"64,453 ","1,034,651,929 ","7,841,004 ",0.76,95.1,94.1,1,2.9,2,42.12 ,92,"16,497 ","16,394 ","1,331 ",7,170,6,"2,208 ","1,702 "
OUT-0012,Passeriformes,Emberizidae,Junco hyemalis,"80,164 ","3,083 ","47,222 ","71,317,294 ",5 ,"4,457 ","958,315,288 ","31,338,767 ",3.27,91.2,90.2,1,3.1,5.7,42.04 ,233,"15,049 ","16,874 ","1,339 ",7,171,6,"2,277 ","1,531 "
OUT-0013,Passeriformes,Sylviidae,Sylvia atricapilla,"57,175 ","5,107 ","31,765 ","21,997,114 ",13 ,96 ,"1,017,107,033 ","33,034,381 ",3.25,90,89,1,5.5,4.5,41.43 ,283,"14,967 ","17,612 ","1,387 ",8,169,7,"2,256 ","1,309 "
OUT-0015,Passeriformes,Muscicapidae,Erithacus rubecula,"73,416 ","3,830 ","29,526 ","5,917,692 ",46 ,"2,473 ","979,866,744 ","15,299,363 ",1.56,93.8,92.8,1,3.4,2.8,41.10 ,159,"15,395 ","16,706 ","1,362 ",7,170,6,"2,196 ","1,516 "
OUT-0016,Charadriiformes,Scolopacidae,Limosa lapponica,"12,357 ","16,533 ","187,323 ","208,760 ","1,114 ","28,514 ","1,142,901,983 ","174,590,800 ",15.28,63.1,62.6,0.5,15.3,21.6,41.82 ,71,"13,273 ","14,691 ","1,246 ",6,180,5,"2,271 ","1,548 "
OUT-0017,Passeriformes,Cardinalidae,Passerina amoena,"54,919 ","5,258 ","92,218 ","652,591 ",397 ,"57,188 ","1,068,872,811 ","31,771,170 ",2.97,84.2,83.3,0.9,7.9,7.9,42.10 ,115,"15,190 ","15,837 ","1,280 ",7,171,6,"2,254 ","1,717 "
OUT-0018,Passeriformes,Cardinalidae,Pheucticus melanocephalus,"57,845 ","4,976 ","78,472 ","705,661 ",339 ,"44,766 ","1,048,547,861 ","24,945,870 ",2.38,82.6,81.8,0.8,9.1,8.3,41.98 ,119,"15,406 ","15,742 ","1,268 ",7,170,6,"2,242 ","1,697 "
OUT-0019,Charadriiformes,Alcidae,Uria aalge,"19,959 ","15,792 ","322,691 ","10,927,940 ",34 ,"219,191 ","1,203,446,098 ","48,999,728 ",4.07,90,89,1,6.2,3.8,42.44 ,95,"15,709 ","19,660 ","1,403 ",8,170,7,"2,532 ","1,590 "
OUT-0020,Charadriiformes,Alcidae,Cepphus grylle,"34,123 ","10,103 ","978,060 ","14,351,819 ",27 ,"914,548 ","1,307,487,281 ","24,551,195 ",1.88,91.2,90.2,1,5.4,3.4,43.44 ,115,"16,365 ","19,461 ","1,394 ",8,171,7,"2,530 ","1,764 "
OUT-0021,Charadriiformes,Laridae,Rissa tridactyla,"49,827 ","6,794 ","614,595 ","15,326,318 ",22 ,"569,752 ","1,253,770,847 ","27,856,255 ",2.22,90.9,90,0.9,5.9,3.2,42.95 ,110,"16,255 ","19,499 ","1,398 ",8,171,7,"2,522 ","1,708 "
OUT-0022,Passeriformes,Corvidae,Aphelocoma coerulescens,"118,847 ","2,548 ","24,200 ","7,660,078 ",40 ,"1,678 ","1,060,889,110 ","19,316,721 ",1.82,95.4,94.2,1.2,2.8,1.8,42.08 ,221,"16,333 ","17,247 ","1,353 ",7,170,6,"2,289 ","1,600 "
OUT-0023,Passeriformes,Paridae,Poecile atricapillus,"96,529 ","2,966 ","36,662 ","11,311,321 ",21 ,"3,123 ","1,047,349,132 ","31,080,108 ",2.97,94.7,93.8,0.9,3.1,2.2,41.46 ,101,"15,944 ","17,188 ","1,359 ",7,170,6,"2,269 ","1,524 "
OUT-0024,Passeriformes,Muscicapidae,Cercotrichas coryphaeus,"47,169 ","5,907 ","52,250 ","1,026,434 ",291 ,"5,918 ","1,029,872,817 ","45,413,065 ",4.41,89.5,88.6,0.9,6.3,4.2,41.48 ,320,"15,378 ","16,641 ","1,349 ",7,171,6,"2,223 ","1,514 "
OUT-0025,Procellariiformes,Procellariidae,Calonectris borealis,"47,020 ","6,701 ","210,366 ","64,608 ","4,880 ","183,884 ","1,180,118,211 ","739,930 ",0.06,85.2,84.2,1,9.6,5.2,42.01 ,130,"15,882 ","11,442 ","1,208 ",6,174,5,"1,721 ","1,668 "
OUT-0026,Apterygiformes,Apterygidae,Apteryx haastii,"105,490 ","3,278 ","27,774 ","1,371,329 ",230 ,"4,316 ","1,221,582,593 ","17,993,464 ",1.47,93.9,92.9,1,3.5,2.6,41.40 ,38,"16,017 ","19,175 ","1,392 ",8,170,7,"2,488 ","1,620 "
OUT-0027,Apterygiformes,Apterygidae,Apteryx owenii,"128,129 ","2,708 ","27,321 ","1,622,467 ",201 ,"5,180 ","1,231,372,114 ","17,377,009 ",1.41,90.1,89.1,1,6,3.9,41.53 ,61,"16,305 ","18,957 ","1,385 ",8,170,7,"2,468 ","1,656 "
OUT-0028,Apterygiformes,Apterygidae,Apteryx rowi,"120,245 ","2,896 ","26,114 ","1,672,276 ",181 ,"4,228 ","1,229,006,195 ","18,579,063 ",1.51,89.3,88.2,1.1,6.5,4.2,41.52 ,54,"16,280 ","19,117 ","1,396 ",8,170,7,"2,470 ","1,603 "
OUT-0029,Tinamiformes,Tinamidae,Crypturellus cinnamomeus,"50,217 ","6,295 ","50,695 ","2,401,919 ",129 ,"8,285 ","1,122,239,192 ","31,306,939 ",2.79,89.7,88.6,1.1,6.1,4.2,42.95 ,48,"16,890 ","15,765 ","1,371 ",7,172,6,"2,066 ","1,679 "
OUT-0030,Tinamiformes,Tinamidae,Nothoprocta perdicaria,"75,737 ","3,649 ","27,351 ","3,369,196 ",80 ,"2,294 ","965,978,015 ","12,206,545 ",1.26,90.7,89.6,1.1,5.8,3.5,42.04 ,76,"15,620 ","16,652 ","1,419 ",8,170,7,"2,073 ","1,418 "
OUT-0031,Rheiformes,Rheidae,Rhea americana,"68,683 ","4,963 ","34,298 ","3,950,085 ",78 ,"2,230 ","1,160,915,584 ","14,166,470 ",1.22,89.5,88.5,1,6.6,3.9,40.80 ,60,"15,709 ","19,517 ","1,415 ",8,170,7,"2,484 ","1,504 "
OUT-0032,Rheiformes,Rheidae,Rhea pennata,"55,849 ","6,209 ","41,300 ","3,873,207 ",88 ,"3,096 ","1,174,616,351 ","15,372,777 ",1.31,87.8,86.4,1.4,6.3,5.9,40.95 ,42,"15,971 ","19,035 ","1,401 ",8,171,7,"2,453 ","1,673 "
OUT-0034,Passeriformes,Fringillidae,Chlorodrepanis virens,"30,817 ","9,525 ","95,049 ","3,340,284 ",85 ,"9,858 ","1,032,168,602 ","22,431,546 ",2.17,91.3,90.1,1.2,5.6,3.1,41.84 ,60,"15,824 ","16,304 ","1,321 ",7,167,6,"2,182 ","1,534 "
OUT-0035,Passeriformes,Fringillidae,Hemignathus wilsoni,"57,590 ","5,089 ","46,897 ","3,340,285 ",85 ,"9,908 ","1,032,508,528 ","17,648,837 ",1.71,91.5,90.3,1.2,5.3,3.2,41.92 ,198,"16,140 ","16,382 ","1,325 ",7,169,6,"2,202 ","1,626 "
OUT-0036,Anseriformes,Anatidae,Cairina moschata,"71,708 ","4,006 ","35,783 ","58,542,904 ",5 ,"2,943 ","1,109,232,564 ","28,771,234 ",2.59,90.7,89.3,1.4,5.3,4,41.44 ,148,"16,652 ","18,242 ","1,411 ",8,171,7,"2,329 ","1,699 "
OUT-0037,Passeriformes,Pycnonotidae,Brachypodius atriceps,"85,408 ","2,961 ","32,563 ","17,537,833 ",14 ,"3,820 ","906,727,256 ","3,565,023 ",0.39,87.8,87,0.8,5.5,6.7,41.79 ,155,"14,433 ","16,891 ","1,362 ",8,170,7,"2,218 ","1,392 "
OUT-0039,Passeriformes,Certhiidae,Certhia familiaris,"48,849 ","5,917 ","66,929 ","859,584 ",320 ,"30,265 ","1,066,591,959 ","43,229,800 ",4.05,83.7,82.8,0.9,8.8,7.5,41.08 ,64,"14,932 ","16,314 ","1,306 ",7,169,6,"2,238 ","1,513 "
OUT-0040,Accipitriformes,Accipitridae,Haliaeetus albicilla,"114,330 ","3,074 ","35,049 ","4,702,683 ",75 ,"6,415 ","1,222,768,274 ","24,997,978 ",2.04,91.2,89.9,1.3,5.6,3.2,41.91 ,118,"16,871 ","18,872 ","1,388 ",8,170,7,"2,453 ","1,668 "
OUT-0045,Galliformes,Phasianidae,Phasianus colchicus,"178,013 ","1,553 ","101,889 ","10,186,719 ",28 ,"82,767 ","1,023,273,632 ","7,946,780 ",0.78,91.3,90.3,1,5.1,3.6,41.24 ,93,"17,121 ","17,098 ","1,422 ",8,170,7,"2,136 ","1,722 "
OUT-0046,Charadriiformes,Charadriidae,Charadrius alexandrinus,"38,982 ","9,113 ","194,903 ","3,220,723 ",107 ,"126,040 ","1,245,524,081 ","38,129,714 ",3.06,90.2,89.1,1.1,6.6,3.2,42.67 ,134,"16,631 ","18,867 ","1,376 ",8,171,7,"2,496 ","1,833 "
OUT-0047,Passeriformes,Pipridae,Manacus manacus,"194,129 ","1,546 ","29,472 ","16,643,792 ",19 ,"15,315 ","1,213,150,360 ","45,187,821 ",3.72,91.4,89,2.4,5.1,3.5,42.05 ,110,"16,469 ","16,570 ","1,307 ",7,169,6,"2,273 ","1,609 "
OUT-0048,Passeriformes,Viduidae,Vidua chalybeata,"150,058 ","2,070 ","16,816 ","1,178,082 ",260 ,"2,961 ","1,073,613,051 ","3,492,860 ",0.33,90.4,88.9,1.5,6.3,3.3,41.89 ,81,"16,801 ","15,874 ","1,317 ",7,170,6,"2,161 ","1,596 "
OUT-0049,Passeriformes,Icteridae,Molothrus ater,"89,121 ","3,654 ","196,904 ","2,048,363 ",163 ,"144,362 ","1,229,226,612 ","28,823,749 ",2.34,91.7,90.5,1.2,5.1,3.2,42.83 ,63,"18,519 ","14,845 ","1,236 ",7,171,6,"2,189 ","2,106 "
OUT-0050,Passeriformes,Icteridae,Agelaius phoeniceus,"78,423 ","3,690 ","74,553 ","1,731,966 ",162 ,"42,259 ","1,086,319,302 ","26,524,500 ",2.44,88.1,86.8,1.3,6.8,5.1,42.15 ,120,"16,012 ","16,196 ","1,305 ",7,172,6,"2,265 ","1,725 "
OUT-0051,Anseriformes,Anatidae,Asarcornis scutulata,"91,216 ","3,396 ","34,121 ","6,085,365 ",60 ,"9,117 ","1,117,998,568 ","16,976,870 ",1.52,90.8,89.9,0.9,5.6,3.6,41.51 ,110,"16,465 ","18,254 ","1,407 ",8,171,7,"2,337 ","1,693 "
OUT-0053,Passeriformes,Thraupidae,Nesospiza acunhae,"28,161 ","11,023 ","124,479 ","1,018,311 ",275 ,"53,184 ","1,060,124,917 ","10,808,893 ",1.02,91.1,90.1,1,5.7,3.2,42.01 ,110,"16,811 ","15,634 ","1,287 ",7,168,6,"2,157 ","1,638 "
OUT-0054,Passeriformes,Acrocephalidae,Acrocephalus arundinaceus,"73,913 ","3,751 ","55,039 ","336,459 ",932 ,"29,469 ","1,184,265,206 ","141,954,772 ",11.99,85.9,84.8,1.1,8.1,6,41.61 ,146,"15,659 ","15,589 ","1,274 ",7,172,6,"2,241 ","1,737 "
OUT-0055,Gruiformes,Rallidae,Atlantisia rogersi,"34,547 ","8,809 ","279,623 ","35,357 ","8,560 ","277,916 ","1,202,655,028 ","107,266 ",0.01,66.4,65.6,0.8,17.1,16.5,43.50 ,41,"15,045 ","9,122 ","1,102 ",6,180,5,"1,571 ","2,024 "
OUT-0056,Passeriformes,Scotocercidae,Cettia cetti,"60,835 ","4,938 ","172,539 ","63,436 ","4,716 ","171,210 ","1,073,772,651 ","79,846 ",0.01,86,84.9,1.1,9,5,42.07 ,40,"16,540 ","11,158 ","1,191 ",6,171,5,"1,674 ","1,887 "
OUT-0059,Passeriformes,Furnariidae,Xiphorhynchus elegans,"62,223 ","4,783 ","114,322 ","172,338 ","1,704 ","89,570 ","1,059,666,735 ","21,808,880 ",2.06,79.2,78.4,0.8,11.3,9.5,41.99 ,79,"15,220 ","13,355 ","1,226 ",7,171,6,"1,978 ","1,796 "
OUT-0060,Passeriformes,Corvidae,Corvus moneduloides,"224,553 ","1,362 ","14,803 ","11,959,046 ",27 ,"2,591 ","1,056,910,969 ","12,864,847 ",1.22,91.4,90.3,1.1,5,3.6,42.12 ,99,"16,252 ","17,271 ","1,365 ",7,171,6,"2,286 ","1,612 "
OUT-0061,Passeriformes,Muscicapidae,Copsychus sechellarum,"75,837 ","3,606 ","48,468 ","18,557,444 ",16 ,"3,664 ","1,052,508,292 ","42,628,468 ",4.05,91.5,90.6,0.9,5.1,3.4,41.67 ,64,"16,402 ","16,602 ","1,332 ",7,171,6,"2,249 ","1,630 "
OUT-0062,Galliformes,Numididae,Numida meleagris,"198,287 ","1,465 ","18,057 ","75,253,249 ",5 ,"2,465 ","1,043,247,365 ","20,122,429 ",1.93,94.7,93.7,1,3.1,2.2,41.73 ,160,"16,660 ","18,005 ","1,440 ",8,170,7,"2,225 ","1,536 "